spherical

!
!  Def2-QZVPP  EMSL  Basis Set Exchange Library   3/17/14 10:03 AM
! Elements                             References
! --------                             ----------
! H He Li Be B C N O F Ne Na Mg Al Si P S Cl Ar K Ca Sc Ti V Cr Mn Fe Co Ni Cu Zn Ga Ge As Se Br Kr  : F. Weigend and R. Ahlrichs, Phys. Chem. Chem. Phys., Balanced basis sets of split valence, triple zeta valence and quadruple zeta valence
! quality for H to Rn: Design and assessment of accuracy 7, 3297 (2005).
! 



****
H     0 
S   4   1.00
    190.6916900              0.70815167e-03   
     28.6055320              0.54678827e-02   
      6.5095943              0.27966605e-01   
      1.8412455              0.10764538       
S   1   1.00
      0.59853725             1.0000000        
S   1   1.00
      0.21397624             1.0000000        
S   1   1.00
      0.80316286e-01         1.0000000        
P   1   1.00
      2.29200000             1.0000000        
P   1   1.00
      0.83800000             1.0000000        
P   1   1.00
      0.29200000             1.0000000        
D   1   1.00
      2.06200000             1.0000000        
D   1   1.00
      0.66200000             1.0000000        
F   1   1.00
      1.39700000             1.0000000        
****
He     0 
S   5   1.00
   1144.6470809              0.35861578618e-03      
    171.64596667             0.27725434466e-02      
     39.066056254            0.14241892216e-01      
     11.051401989            0.55457352277e-01      
      3.5725574473           0.16170511810    
S   1   1.00
      1.2429415962           1.0000000        
S   1   1.00
      0.44807668730          1.0000000        
S   1   1.00
      0.16411579128          1.0000000        
P   1   1.00
      5.99400000             1.0000000        
P   1   1.00
      1.74500000             1.0000000        
P   1   1.00
      0.56000000             1.0000000        
D   1   1.00
      4.29900000             1.0000000        
D   1   1.00
      1.22300000             1.0000000        
F   1   1.00
      2.68000000             1.0000000        
****
Li     0 
S   9   1.00
  14853.9770850              0.42711388815e-04      
   2225.2236477              0.33235310800e-03      
    504.88739008             0.17518436649e-02      
    142.45847548             0.73477995850e-02      
     46.315599580            0.25899837683e-01      
     16.655335474            0.76670682431e-01      
      6.4331186199           0.18276075765    
      2.6027043858           0.32655434038    
      1.0897245405           0.37000429828    
S   2   1.00
      4.4236595971           0.11120987921    
      1.2356394990           0.79987335862    
S   1   1.00
      0.46067470602          1.0000000        
S   1   1.00
      0.96617166955e-01            1.0000000        
S   1   1.00
      0.45915452296e-01            1.0000000        
S   1   1.00
      0.21140048730e-01            1.0000000        
P   3   1.00
      3.2605109206           0.86504749023e-02      
      0.65003043115          0.47614123736e-01      
      0.16941671073          0.21001138000    
P   1   1.00
      0.55732343767e-01            1.0000000        
P   1   1.00
      0.20489959241e-01            1.0000000        
P   1   1.00
      3.3270000              1.0000000        
D   1   1.00
      0.2300000              1.0000000        
D   1   1.00
      0.0757000              1.0000000        
F   1   1.00
      0.1350000              1.0000000        
****
Be     0 
S   8   1.00
  29646.7044070              0.37943320869e-04      
   4428.7614354              0.29605352634e-03      
   1005.4701332              0.15572477356e-02      
    284.15339578             0.65323195769e-02      
     92.504356461            0.23116861005e-01      
     33.311016058            0.69458515249e-01      
     12.911553314            0.17014371331    
      5.2665497361           0.31682711374    
S   2   1.00
     22.995386380            0.81791122747e-01      
      6.6236354176           0.80000038023    
S   1   1.00
      2.2289595003           1.0000000        
S   1   1.00
      0.95302433451          1.0000000        
S   1   1.00
      0.24651602436          1.0000000        
S   1   1.00
      0.10153895315          1.0000000        
S   1   1.00
      0.41551374604e-01            1.0000000        
P   4   1.00
     14.099789445            0.38508871145e-02      
      3.1803188482           0.24152380771e-01      
      0.90489220496          0.97926925156e-01      
      0.30411585508          0.29470380030    
P   1   1.00
      0.11302606657          1.0000000        
P   1   1.00
      0.42831733691e-01            1.0000000        
P   1   1.00
      6.4000000              1.0000000        
D   1   1.00
      0.3600000              1.0000000        
D   1   1.00
      0.0900000              1.0000000        
F   1   1.00
      0.2900000              1.0000000        
****
B     0 
S   8   1.00
  46447.6670560              0.38388681014e-04      
   6957.6889042              0.29836770197e-03      
   1583.4428403              0.15645478806e-02      
    448.46601009             0.65476770742e-02      
    146.28639262             0.23139008388e-01      
     52.784386084            0.69615799357e-01      
     20.519396170            0.17119636876    
      8.4185659258           0.31913191837    
S   2   1.00
     36.510018312            0.78990617244e-01      
     10.541854005            0.78926384265    
S   1   1.00
      3.6004091387           1.0000000        
S   1   1.00
      1.5617023749           1.0000000        
S   1   1.00
      0.44997370775          1.0000000        
S   1   1.00
      0.18075230237          1.0000000        
S   1   1.00
      0.71596696319e-01            1.0000000        
P   5   1.00
     72.240462760            0.86539170411e-03      
     16.807707208            0.68762067365e-02      
      5.2259410747           0.30976687148e-01      
      1.8508350671           0.10432357913    
      0.72206782663          0.26164137577    
P   1   1.00
      0.29491018056          1.0000000        
P   1   1.00
      0.12201141839          1.0000000        
P   1   1.00
      0.49865393625e-01            1.0000000        
D   1   1.00
      1.11000000             1.0000000        
D   1   1.00
      0.40200000             1.0000000        
D   1   1.00
      0.14500000             1.0000000        
F   1   1.00
      0.88200000             1.0000000        
F   1   1.00
      0.31100000             1.0000000        
G   1   1.00
      0.67300000             1.0000000        
****
C     0 
S   8   1.00
  67025.0710290              0.38736308501e-04      
  10039.9865380              0.30107917575e-03      
   2284.9316911              0.15787918095e-02      
    647.14122130             0.66087087195e-02      
    211.09472335             0.23367123250e-01      
     76.177643862            0.70420716898e-01      
     29.633839163            0.17360344953    
     12.187785081            0.32292305648    
S   2   1.00
     53.026006299            0.74897404492e-01      
     15.258502776            0.76136220983    
S   1   1.00
      5.2403957464           1.0000000        
S   1   1.00
      2.2905022379           1.0000000        
S   1   1.00
      0.69673283006          1.0000000        
S   1   1.00
      0.27599337363          1.0000000        
S   1   1.00
      0.10739884389          1.0000000        
P   5   1.00
    105.12555082             0.84647553844e-03      
     24.884461066            0.66274038534e-02      
      7.8637230826           0.30120390419e-01      
      2.8407001835           0.99951435476e-01      
      1.1227137335           0.23826299282    
P   1   1.00
      0.46050725555          1.0000000        
P   1   1.00
      0.18937530913          1.0000000        
P   1   1.00
      0.75983791611e-01            1.0000000        
D   1   1.00
      1.84800000             1.0000000        
D   1   1.00
      0.64900000             1.0000000        
D   1   1.00
      0.22800000             1.0000000        
F   1   1.00
      1.41900000             1.0000000        
F   1   1.00
      0.48500000             1.0000000        
G   1   1.00
      1.01100000             1.0000000        
****
N     0 
S   8   1.00
  90726.8892100              0.39257887368e-04      
  13590.5288010              0.30513316455e-03      
   3092.9883781              0.16000560446e-02      
    875.99876362             0.66982937306e-02      
    285.74469982             0.23690078765e-01      
    103.11913417             0.71455405268e-01      
     40.128556777            0.17632774876    
     16.528095704            0.32677592815    
S   2   1.00
     69.390960983            0.80052094386e-01      
     20.428200596            0.78268063538    
S   1   1.00
      7.1292587972           1.0000000        
S   1   1.00
      3.1324304893           1.0000000        
S   1   1.00
      0.98755778723          1.0000000        
S   1   1.00
      0.38765721307          1.0000000        
S   1   1.00
      0.14909883075          1.0000000        
P   5   1.00
    150.05742670            -0.86216165986e-03      
     35.491599483           -0.68571273236e-02      
     11.247864223           -0.31795688855e-01      
      4.0900305195          -0.10537396822    
      1.6220573146          -0.24519708041    
P   1   1.00
      0.66442261530          1.0000000        
P   1   1.00
      0.27099770070          1.0000000        
P   1   1.00
      0.10688749984          1.0000000        
D   1   1.00
      2.83700000             1.0000000        
D   1   1.00
      0.96800000             1.0000000        
D   1   1.00
      0.33500000             1.0000000        
F   1   1.00
      2.02700000             1.0000000        
F   1   1.00
      0.68500000             1.0000000        
G   1   1.00
      1.42700000             1.0000000        
****
O     0 
S   8   1.00
 116506.4690800              0.40383857939e-04      
  17504.3497240              0.31255139004e-03      
   3993.4513230              0.16341473495e-02      
   1133.0063186              0.68283224757e-02      
    369.99569594             0.24124410221e-01      
    133.62074349             0.72730206154e-01      
     52.035643649            0.17934429892    
     21.461939313            0.33059588895    
S   2   1.00
     89.835051252            0.96468652996e-01      
     26.428010844            0.94117481120    
S   1   1.00
      9.2822824649           1.0000000        
S   1   1.00
      4.0947728533           1.0000000        
S   1   1.00
      1.3255349078           1.0000000        
S   1   1.00
      0.51877230787          1.0000000        
S   1   1.00
      0.19772676454          1.0000000        
P   5   1.00
    191.15255810             0.25115697705e-02      
     45.233356739            0.20039240864e-01      
     14.353465922            0.93609064762e-01      
      5.2422371832           0.30618127124    
      2.0792418599           0.67810501439    
P   1   1.00
      0.84282371424          1.0000000        
P   1   1.00
      0.33617694891          1.0000000        
P   1   1.00
      0.12863997974          1.0000000        
D   1   1.00
      3.77500000             1.0000000        
D   1   1.00
      1.30000000             1.0000000        
D   1   1.00
      0.44400000             1.0000000        
F   1   1.00
      2.66600000             1.0000000        
F   1   1.00
      0.85900000             1.0000000        
G   1   1.00
      1.84600000             1.0000000        
****
F     0 
S   8   1.00
 132535.9734500              0.47387482743e-04      
  19758.1125880              0.37070120897e-03      
   4485.1996947              0.19450784713e-02      
   1273.8151020              0.80573291994e-02      
    418.93831236             0.27992880781e-01      
    152.55721985             0.82735120175e-01      
     59.821524823            0.19854169012    
     24.819076932            0.34860632233    
S   2   1.00
    100.74446673             0.10505068816    
     30.103728290            0.94068472434    
S   1   1.00
     10.814283272            1.0000000        
S   1   1.00
      4.8172886770           1.0000000        
S   1   1.00
      1.6559334213           1.0000000        
S   1   1.00
      0.64893519582          1.0000000        
S   1   1.00
      0.24778104545          1.0000000        
P   5   1.00
    240.96654114             0.30389933451e-02      
     57.020699781            0.24357738582e-01      
     18.126952120            0.11442925768    
      6.6457404621           0.37064659853    
      2.6375722892           0.79791551766    
P   1   1.00
      1.0638217200           1.0000000        
P   1   1.00
      0.41932562750          1.0000000        
P   1   1.00
      0.15747588299          1.0000000        
D   1   1.00
      5.01400000             1.0000000        
D   1   1.00
      1.72500000             1.0000000        
D   1   1.00
      0.58600000             1.0000000        
F   1   1.00
      3.56200000             1.0000000        
F   1   1.00
      1.14800000             1.0000000        
G   1   1.00
      2.37600000             1.0000000        
****
Ne     0 
S   8   1.00
 160676.2795500              0.47387482743e-04      
  23953.1950390              0.37070120897e-03      
   5437.5063711              0.19450784713e-02      
   1544.2741024              0.80573291994e-02      
    507.88814269             0.27992880781e-01      
    184.94847750             0.82735120175e-01      
     72.522952039            0.19854169012    
     30.088713575            0.34860632233    
S   2   1.00
    120.68434940             0.10400597014    
     36.074294857            0.91999988986    
S   1   1.00
     13.052091210            1.0000000        
S   1   1.00
      5.7974783353           1.0000000        
S   1   1.00
      2.0478626895           1.0000000        
S   1   1.00
      0.80214571994          1.0000000        
S   1   1.00
      0.30548672205          1.0000000        
P   6   1.00
    498.43397466             0.43118261050e-03      
    118.14109217             0.36206397703e-02      
     38.032529735            0.18245344081e-01      
     14.183731950            0.65133035572e-01      
      5.7864190721           0.16708915089    
      2.4599622160           0.29268019613    
P   1   1.00
      1.0421999498           1.0000000        
P   1   1.00
      0.42987748916          1.0000000        
P   1   1.00
      0.16889708453          1.0000000        
D   1   1.00
      6.47100000             1.0000000        
D   1   1.00
      2.21300000             1.0000000        
D   1   1.00
      0.74700000             1.0000000        
F   1   1.00
      4.65700000             1.0000000        
F   1   1.00
      1.52400000             1.0000000        
G   1   1.00
      2.98300000             1.0000000        
****
Na     0 
S   10   1.00
 379852.2008100              0.20671384468e-04      
  56886.0063780              0.16070466617e-03      
  12942.7018380              0.84462905848e-03      
   3664.3017904              0.35519026029e-02      
   1194.7417499              0.12754034468e-01      
    430.98192917             0.39895462742e-01      
    167.83169424             0.10720154498    
     69.306669040            0.23339516913    
     29.951170886            0.36333077287    
     13.380791097            0.30544770974    
S   3   1.00
    121.74011283             0.36142427284e-01      
     37.044143387            0.28820961687    
     13.995422624            0.79337384869    
S   1   1.00
      5.9827797428           1.0000000        
S   1   1.00
      2.4830455118           1.0000000        
S   1   1.00
      1.0452506187           1.0000000        
S   1   1.00
      0.43875640383          1.0000000        
S   1   1.00
      0.65595633185e-01            1.0000000        
S   1   1.00
      0.30561925072e-01            1.0000000        
S   1   1.00
      0.15509064018e-01            1.0000000        
P   8   1.00
    690.77627017             0.37478518415e-03      
    163.82806121             0.31775441030e-02      
     52.876460769            0.16333581338e-01      
     19.812270493            0.59754902585e-01      
      8.1320378784           0.15879328812    
      3.4969068377           0.29049363260    
      1.5117244146           0.36368131139    
      0.64479294912          0.28195867334    
P   1   1.00
      0.26145823312          1.0000000        
P   1   1.00
      0.11704726116          1.0000000        
P   1   1.00
      0.40494747666e-01            1.0000000        
P   1   1.00
      0.15666707355e-01            1.0000000        
D   1   1.00
      5.3000000              1.0000000        
D   1   1.00
      1.5900000              1.0000000        
D   1   1.00
      0.2300000              1.0000000        
D   1   1.00
      0.0757000              1.0000000        
F   1   1.00
      4.2700000              1.0000000        
F   1   1.00
      0.1350000              1.0000000        
****
Mg     0 
S   10   1.00
 605967.7875300              0.14430176617e-04      
  90569.0946920              0.11249871807e-03      
  20574.2528440              0.59264972450e-03      
   5818.6284865              0.24988770424e-02      
   1895.6296075              0.90230775141e-02      
    683.45941021             0.28579919806e-01      
    266.18219762             0.79064453923e-01      
    110.11220010             0.18269337814    
     47.777041234            0.32157193967    
     21.542166149            0.35028259389    
S   3   1.00
    174.12136378             0.22931111278e-01      
     53.484972498            0.19151777552    
     20.500213307            0.61155711055    
S   1   1.00
      9.8056826922           1.0000000        
S   1   1.00
      3.5402989348           1.0000000        
S   1   1.00
      1.5450850046           1.0000000        
S   1   1.00
      0.66540195432          1.0000000        
S   1   1.00
      0.14355439071          1.0000000        
S   1   1.00
      0.66624673468e-01            1.0000000        
S   1   1.00
      0.29772648266e-01            1.0000000        
P   8   1.00
    893.20460829             0.34958267428e-03      
    211.78258286             0.29811890111e-02      
     68.443200537            0.15517845758e-01      
     25.727265349            0.57578659557e-01      
     10.606634281            0.15610307853    
      4.5934126484           0.29230912580    
      2.0100469807           0.37219024072    
      0.87384841536          0.27578088891    
P   1   1.00
      0.35615076666          1.0000000        
P   1   1.00
      0.18995954356          1.0000000        
P   1   1.00
      0.74580135669e-01            1.0000000        
P   1   1.00
      0.29221641309e-01            1.0000000        
D   1   1.00
      6.9300000              1.0000000        
D   1   1.00
      2.1000000              1.0000000        
D   1   1.00
      0.6500000              1.0000000        
D   1   1.00
      0.2000000              1.0000000        
D   1   1.00
      0.0520000              1.0000000        
F   1   1.00
      5.6000000              1.0000000        
F   1   1.00
      0.1600000              1.0000000        
****
Al     0 
S   10   1.00
 754550.7826500              0.13421335886e-04      
 112999.3892200              0.10433210786e-03      
  25715.8317590              0.54841772080e-03      
   7283.6030283              0.23089081391e-02      
   2376.0008796              0.83309974593e-02      
    857.65468087             0.26417963653e-01      
    334.38922598             0.73443646426e-01      
    138.48504731             0.17184039139    
     60.150368808            0.31041980030    
     27.127610860            0.35669190596    
S   3   1.00
    225.36500065             0.21522039783e-01      
     69.341968124            0.18531780493    
     26.619335712            0.63533181245    
S   1   1.00
     12.349420671            1.0000000        
S   1   1.00
      4.5878785994           1.0000000        
S   1   1.00
      2.0571338103           1.0000000        
S   1   1.00
      0.90864549395          1.0000000        
S   1   1.00
      0.24226988038          1.0000000        
S   1   1.00
      0.11248136869          1.0000000        
S   1   1.00
      0.48156492817e-01            1.0000000        
P   8   1.00
   1489.6119522              0.20177122443e-03      
    353.01399267             0.17508109203e-02      
    114.40764069             0.94424704664e-02      
     43.312186111            0.36868004006e-01      
     18.027322216            0.10892874007    
      7.9675432403           0.23265901004    
      3.6090399541           0.34643587076    
      1.6456081630           0.33440809866    
P   2   1.00
     34.731187489            0.17823073020e-01      
      1.2553083630          -0.59991263926    
P   1   1.00
      0.73635534282          1.0000000        
P   1   1.00
      0.24686465559          1.0000000        
P   1   1.00
      0.94821971828e-01            1.0000000        
P   1   1.00
      0.36214165654e-01            1.0000000        
D   1   1.00
      1.9700000000           1.0000000        
D   1   1.00
      0.4370000000           1.0000000        
D   1   1.00
      0.1950000000           1.0000000        
D   1   1.00
      0.0800000000           1.0000000        
F   1   1.00
      0.1540000000           1.0000000        
F   1   1.00
      0.4010000000           1.0000000        
G   1   1.00
      0.3570000000           1.0000000        
****
Si     0 
S   10   1.00
 918070.6956500              0.12658787192e-04      
 137485.2538600              0.98408387461e-04      
  31287.7727140              0.51731398244e-03      
   8861.6105697              0.21785441933e-02      
   2890.6943156              0.78656853716e-02      
   1043.4063979              0.24987553674e-01      
    406.80160276             0.69761818844e-01      
    168.48360207             0.16473362733    
     73.185628823            0.30285602647    
     32.998485420            0.36007260439    
S   3   1.00
    278.78751325             0.20185463814e-01      
     85.910228722            0.17720406747    
     32.992604031            0.63587860906    
S   1   1.00
     15.033693254            1.0000000        
S   1   1.00
      5.7257514773           1.0000000        
S   1   1.00
      2.6146521029           1.0000000        
S   1   1.00
      1.1757833152           1.0000000        
S   1   1.00
      0.35432330868          1.0000000        
S   1   1.00
      0.16248335806          1.0000000        
S   1   1.00
      0.68332457181e-01            1.0000000        
P   8   1.00
   1775.8850516              0.20186971126e-03      
    420.83786849             0.17544314655e-02      
    136.42290243             0.95039532290e-02      
     51.700991737            0.37325741590e-01      
     21.559456002            0.11085396329    
      9.5559200095           0.23756407046    
      4.3529819473           0.35295783750    
      2.0096964381           0.32885931947    
P   2   1.00
     46.418153780            0.25858819154e-01      
      1.9076417796          -0.59874865899    
P   1   1.00
      0.92337221587          1.0000000        
P   1   1.00
      0.34515720370          1.0000000        
P   1   1.00
      0.13656834761          1.0000000        
P   1   1.00
      0.52987060586e-01            1.0000000        
D   1   1.00
      2.64500000             1.0000000        
D   1   1.00
      0.608000000            1.0000000        
D   1   1.00
      0.272000000            1.0000000        
D   1   1.00
      0.113000000            1.0000000        
F   1   1.00
      0.212000000            1.0000000        
F   1   1.00
      0.541000000            1.0000000        
G   1   1.00
      0.461000000            1.0000000        
****
P     0 
S   10   1.00
 1090561.7138000             0.12142449664e-04      
 163316.3946100              0.94395292614e-04      
  37166.6074510              0.49622262177e-03      
  10526.8809450              0.20900040747e-02      
   3433.9976028              0.75489230025e-02      
   1239.5360480              0.24010423937e-01      
    483.27456199             0.67231473697e-01      
    200.16911586             0.15978669881    
     86.960394829            0.29735906782    
     39.211283369            0.36187171850    
S   3   1.00
    336.75883662             0.19154721050e-01      
    103.72179793             0.17134079100    
     39.771861240            0.63689655985    
S   1   1.00
     17.888612952            1.0000000        
S   1   1.00
      6.9644556879           1.0000000        
S   1   1.00
      3.2198092087           1.0000000        
S   1   1.00
      1.4669943979           1.0000000        
S   1   1.00
      0.47765437532          1.0000000        
S   1   1.00
      0.21637789241          1.0000000        
S   1   1.00
      0.90235894336e-01            1.0000000        
P   8   1.00
   2019.6711374              0.21359172406e-03      
    478.60125090             0.18568771399e-02      
    155.14942504             0.10070690115e-01      
     58.816356575            0.39605153679e-01      
     24.544512785            0.11736067844    
     10.883571061            0.24950540642    
      4.9624791285           0.36421287984    
      2.3002912343           0.31764127123    
P   2   1.00
     59.371345016            0.39432918004    
      3.0694590986          -6.3522960431     
P   1   1.00
      1.0634401739           1.0000000        
P   1   1.00
      0.45022152161          1.0000000        
P   1   1.00
      0.18267271344          1.0000000        
P   1   1.00
      0.71610333771e-01            1.0000000        
D   1   1.00
      3.34300000             1.0000000        
D   1   1.00
      0.807000000            1.0000000        
D   1   1.00
      0.365000000            1.0000000        
D   1   1.00
      0.154000000            1.0000000        
F   1   1.00
      0.280000000            1.0000000        
F   1   1.00
      0.703000000            1.0000000        
G   1   1.00
      0.597000000            1.0000000        
****
S     0 
S   10   1.00
 1273410.9023000             0.11767088246e-04      
 190697.8300700              0.91478610166e-04      
  43397.8853300              0.48090078640e-03      
  12291.8096770              0.20257193592e-02      
   4009.7420824              0.73190096406e-02      
   1447.3531030              0.23300499900e-01      
    564.30102913             0.65386213610e-01      
    233.74506243             0.15614449910    
    101.56402814             0.29318563787    
     45.805907187            0.36287914289    
S   3   1.00
    394.27281503             0.18753305081e-01      
    121.72249591             0.16870726663    
     46.754125963            0.63806830653    
S   1   1.00
     20.923008254            1.0000000        
S   1   1.00
      8.2685567800           1.0000000        
S   1   1.00
      3.8629345671           1.0000000        
S   1   1.00
      1.7794684781           1.0000000        
S   1   1.00
      0.61064260103          1.0000000        
S   1   1.00
      0.27412269445          1.0000000        
S   1   1.00
      0.11325939107          1.0000000        
P   8   1.00
   2189.8930459              0.23912552864e-03      
    518.94596592             0.20772032158e-02      
    168.19560151             0.11242420571e-01      
     63.745282788            0.44069933941e-01      
     26.597033077            0.12918778608    
     11.774251449            0.26910820167    
      5.3534379024           0.37855928620    
      2.4701911802           0.29692134655    
P   2   1.00
     82.120288349           -0.39420318847e-01      
      4.9523532869           0.64048403090    
P   1   1.00
      1.0828262029           1.0000000        
P   1   1.00
      0.49271277356          1.0000000        
P   1   1.00
      0.20483450942          1.0000000        
P   1   1.00
      0.80743615716e-01            1.0000000        
D   1   1.00
      4.15900000             1.0000000        
D   1   1.00
      1.01900000             1.0000000        
D   1   1.00
      0.464000000            1.0000000        
D   1   1.00
      0.194000000            1.0000000        
F   1   1.00
      0.335000000            1.0000000        
F   1   1.00
      0.869000000            1.0000000        
G   1   1.00
      0.683000000            1.0000000        
****
Cl     0 
S   10   1.00
 1467459.0095000             0.11478257194e-04      
 219756.1643300              0.89234299775e-04      
  50010.7703010              0.46911086186e-03      
  14164.8239180              0.19762446133e-02      
   4620.7465525              0.71419937783e-02      
   1667.8991635              0.22753219445e-01      
    650.29199265             0.63959782953e-01      
    269.38037376             0.15331059238    
    117.06752106             0.28986952417    
     52.811766843            0.36348071452    
S   3   1.00
    461.42769988             0.18019457578e-01      
    142.12665355             0.16489442314    
     54.437838768            0.63891587584    
S   1   1.00
     24.160770219            1.0000000        
S   1   1.00
      9.7083540306           1.0000000        
S   1   1.00
      4.5640696733           1.0000000        
S   1   1.00
      2.1194744832           1.0000000        
S   1   1.00
      0.75722365394          1.0000000        
S   1   1.00
      0.33747224597          1.0000000        
S   1   1.00
      0.13860775149          1.0000000        
P   8   1.00
   2501.9457890              0.24242618410e-03      
    592.88059285             0.21079961749e-02      
    192.18089186             0.11432693869e-01      
     72.875710488            0.44956698060e-01      
     30.436358370            0.13197476145    
     13.490178902            0.27493639225    
      6.1478071413           0.38347236372    
      2.8450944820           0.28871943885    
P   2   1.00
    105.39397936            -0.34311760144e-01      
      6.7369738513           0.64060818902    
P   1   1.00
      1.2421095772           1.0000000        
P   1   1.00
      0.55669714254          1.0000000        
P   1   1.00
      0.23387801464          1.0000000        
P   1   1.00
      0.93164490890e-01            1.0000000        
D   1   1.00
      5.19100000             1.0000000        
D   1   1.00
      1.27600000             1.0000000        
D   1   1.00
      0.583000000            1.0000000        
D   1   1.00
      0.243000000            1.0000000        
F   1   1.00
      0.423000000            1.0000000        
F   1   1.00
      1.08900000             1.0000000        
G   1   1.00
      0.827000000            1.0000000        
****
Ar     0 
S   10   1.00
 1673421.9494000             0.11245990413e-04      
 250601.7537300              0.87428115798e-04      
  57030.9121200              0.45961641275e-03      
  16153.3039150              0.19363890742e-02      
   5269.4109288              0.69994046497e-02      
   1902.0315541              0.22312068196e-01      
    741.57677159             0.62808077697e-01      
    307.20901906             0.15101140997    
    133.52786203             0.28713661177    
     60.253381291            0.36385490107    
S   3   1.00
    522.02426206             0.18071323116e-01      
    161.51290469             0.16449219884    
     62.126369433            0.63897334899    
S   1   1.00
     27.590930012            1.0000000        
S   1   1.00
     11.175528881            1.0000000        
S   1   1.00
      5.2959065137           1.0000000        
S   1   1.00
      2.4782798895           1.0000000        
S   1   1.00
      0.91262095059          1.0000000        
S   1   1.00
      0.40426067549          1.0000000        
S   1   1.00
      0.16562886306          1.0000000        
P   8   1.00
   2868.4504581              0.24010435121e-03      
    679.71869590             0.20904788665e-02      
    220.36758824             0.11369316839e-01      
     83.620439734            0.44901977398e-01      
     34.964322657            0.13237156770    
     15.525131784            0.27709277600    
      7.0992979806           0.38613979646    
      3.3021336602           0.28492925372    
P   2   1.00
    128.78765667            -0.30509457751e-01      
      8.4357867977           0.64101621070    
P   1   1.00
      1.4618661855           1.0000000        
P   1   1.00
      0.64658010096          1.0000000        
P   1   1.00
      0.27229295755          1.0000000        
P   1   1.00
      0.10905182449          1.0000000        
D   1   1.00
      6.31500000             1.0000000        
D   1   1.00
      1.56200000             1.0000000        
D   1   1.00
      0.715000000            1.0000000        
D   1   1.00
      0.297000000            1.0000000        
F   1   1.00
      0.543000000            1.0000000        
F   1   1.00
      1.32500000             1.0000000        
G   1   1.00
      1.00700000             1.0000000        
****
K     0 
S   11   1.00
 2022075.1391000             0.10144874011e-04      
 303044.6556800              0.78783500963e-04      
  69013.9384900              0.41380919674e-03      
  19559.2446150              0.17427571893e-02      
   6383.8934901              0.63004086126e-02      
   2305.3502858              0.20125347032e-01      
    899.14418101             0.56966060520e-01      
    372.59500133             0.13882654093    
    161.97635247             0.27132285414    
     73.085553853            0.36383620662    
     33.595644762            0.24724464776    
S   4   1.00
    685.49855365             0.44367463797e-02      
    211.66163373             0.42502718169e-01      
     80.851405131            0.18467742018    
     35.108667236            0.29353173891    
S   1   1.00
     14.409437283            1.0000000        
S   1   1.00
      6.8697147262           1.0000000        
S   1   1.00
      3.2121883687           1.0000000        
S   1   1.00
      1.2610484365           1.0000000        
S   1   1.00
      0.61438946301          1.0000000        
S   1   1.00
      0.27264370973          1.0000000        
S   1   1.00
      0.77173005207e-01            1.0000000        
S   1   1.00
      0.40918397569e-01            1.0000000        
S   1   1.00
      0.17055762425e-01            1.0000000        
P   9   1.00
   3469.6649718              0.21340225970e-03      
    822.02356107             0.18637844836e-02      
    266.58406636             0.10211431546e-01      
    101.28048161             0.40799604728e-01      
     42.429490761            0.12257473393    
     18.912083912            0.26405833679    
      8.7017779030           0.38227164575    
      4.0854567599           0.29998812383    
      1.8667286060           0.78007265591e-01      
P   5   1.00
     27.544639057           -0.58222994163e-02      
      9.2098893609          -0.26787531329e-01      
      1.7232877425           0.30666847665    
      0.77969303735          0.66927944165    
      0.34379047862          0.60376468615    
P   1   1.00
      0.14346681918          1.0000000        
P   1   1.00
      0.68000000000e-01            1.0000000        
P   1   1.00
      0.32000000000e-01            1.0000000        
P   1   1.00
      0.15300000000e-01            1.0000000        
D   1   1.00
      1.7000000              1.0000000        
D   1   1.00
      0.5100000              1.0000000        
D   1   1.00
      0.1800000              1.0000000        
D   1   1.00
      0.0540000              1.0000000        
F   1   1.00
      2.3700000              1.0000000        
F   1   1.00
      0.7900000              1.0000000        
F   1   1.00
      0.0900000              1.0000000        
****
Ca     0 
S   11   1.00
 2433075.4304000             0.91625196182e-05      
 364160.4301500              0.71271617974e-04      
  82898.7476370              0.37433706369e-03      
  23499.7305400              0.15762862250e-02      
   7671.2245985              0.57026102580e-02      
   2770.2330687              0.18255738108e-01      
   1080.6807550              0.51906421035e-01      
    448.04894531             0.12791238579    
    194.92007727             0.25586635231    
     88.039793338            0.36028678275    
     40.645696719            0.26838462020    
S   4   1.00
    779.53331918            -0.18403005509e-01      
    241.18856300            -0.17649440544    
     92.403869324           -0.77662799584    
     39.786090342           -1.3352155444     
S   1   1.00
     18.195864278            1.0000000        
S   1   1.00
      8.3321457067           1.0000000        
S   1   1.00
      3.9190196209           1.0000000        
S   1   1.00
      1.6667099493           1.0000000        
S   1   1.00
      0.80891084908          1.0000000        
S   1   1.00
      0.36174199934          1.0000000        
S   1   1.00
      0.82379874526e-01            1.0000000        
S   1   1.00
      0.47947864375e-01            1.0000000        
S   1   1.00
      0.22308112408e-01            1.0000000        
P   9   1.00
   4064.2232796              0.19780891021e-03      
    962.91550624             0.17307465902e-02      
    312.34501046             0.95298721105e-02      
    118.76056036             0.38387459783e-01      
     49.816153133            0.11679256218    
     22.259679401            0.25637225097    
     10.286094124            0.37986193747    
      4.8606982416           0.30805760637    
      2.2525682942           0.85755999942e-01      
P   5   1.00
     31.467555443           -0.42441487483e-02      
     10.657589056           -0.19579425947e-01      
      2.0505555426           0.21237507422    
      0.94362089228          0.46277871121    
      0.42709067504          0.39177495728    
P   1   1.00
      0.17788187209          1.0000000        
P   1   1.00
      0.86000000000e-01            1.0000000        
P   1   1.00
      0.41500000000e-01            1.0000000        
P   1   1.00
      0.20000000000e-01            1.0000000        
D   3   1.00
     16.924012098            0.35543971560e-01      
      4.4655403330           0.18133698335    
      1.4347576200           0.48002060116    
D   1   1.00
      0.46552376784          1.0000000        
D   1   1.00
      0.14097711082          1.0000000        
D   1   1.00
      0.41467009281e-01            1.0000000        
F   1   1.00
      2.6500000000           1.0000000        
F   1   1.00
      0.7940000000           1.0000000        
F   1   1.00
      0.1300000              1.0000000        
****
Sc     0 
S   11   1.00
 2855231.1264000             0.84862794535e-05      
 427433.3422100              0.65998092974e-04      
  97233.2185450              0.34740968058e-03      
  27496.2228460              0.14694099525e-02      
   8948.7324409              0.53410667286e-02      
   3221.0397292              0.17200652511e-01      
   1252.0534077              0.49287065332e-01      
    517.26093376             0.12273534550    
    224.33127242             0.24910183844    
    101.10551671             0.35884366997    
     46.684957855            0.27782811319    
S   4   1.00
    947.75965484             0.36123019249e-02      
    293.07262846             0.35616224567e-01      
    111.70230657             0.16664064248    
     47.756215212            0.32531051399    
S   1   1.00
     21.121984009            1.0000000        
S   1   1.00
      9.7765922198           1.0000000        
S   1   1.00
      4.5982699340           1.0000000        
S   1   1.00
      1.9928487767           1.0000000        
S   1   1.00
      0.95939954457          1.0000000        
S   1   1.00
      0.42566790070          1.0000000        
S   1   1.00
      0.98132196006e-01            1.0000000        
S   1   1.00
      0.56894222237e-01            1.0000000        
S   1   1.00
      0.25369907195e-01            1.0000000        
P   9   1.00
   4611.4680242              0.19180655992e-03      
   1092.4666458              0.16801897753e-02      
    354.41923265             0.92763338425e-02      
    134.83390286             0.37537202735e-01      
     56.610873926            0.11493045217    
     25.336605518            0.25446811084    
     11.741313238            0.37993352765    
      5.5697268625           0.30948776388    
      2.5949954062           0.86972259257e-01      
P   5   1.00
     35.951198081           -0.55780446917e-02      
     12.301020232           -0.25933825208e-01      
      2.3876557755           0.27489094204    
      1.1031823600           0.59208047142    
      0.50008479496          0.49113471853    
P   1   1.00
      0.20796508799          1.0000000        
P   1   1.00
      0.10100000000          1.0000000        
P   1   1.00
      0.48000000000e-01            1.0000000        
P   1   1.00
      0.23000000000e-01            1.0000000        
D   5   1.00
     73.531179748            0.22506354976e-02      
     21.764759639            0.16377610133e-01      
      7.9233701690           0.63330446952e-01      
      3.1847889778           0.17056208548    
      1.3427790019           0.30119020299    
D   1   1.00
      0.56149574983          1.0000000        
D   1   1.00
      0.22764073650          1.0000000        
D   1   1.00
      0.85211221793e-01            1.0000000        
D   1   1.00
      0.35e-01               1.0000000        
F   1   1.00
      1.4810000              1.0000000        
F   1   1.00
      0.3450000              1.0000000        
F   1   1.00
      0.1100000              1.0000000        
G   1   1.00
      0.5310000              1.0000000        
G   1   1.00
      0.1330000              1.0000000        
****
Ti     0 
S   11   1.00
 3070548.8651000             0.86954016630e-05      
 460777.8864300              0.67452737727e-04      
 104901.2288900              0.35477293028e-03      
  29695.8611990              0.14977525588e-02      
   9678.8892688              0.54309912055e-02      
   3490.1877912              0.17439360524e-01      
   1359.2217621              0.49835634640e-01      
    562.42721208             0.12379633943    
    244.22296250             0.25057490943    
    110.16668710             0.35934609007    
     50.881903357            0.27594242664    
S   4   1.00
    965.95430789             0.41773927781e-02      
    299.27072059             0.40277148567e-01      
    114.83772939             0.17898686817    
     49.477578954            0.31783043543    
S   1   1.00
     22.982839977            1.0000000        
S   1   1.00
     10.518305037            1.0000000        
S   1   1.00
      4.9774390567           1.0000000        
S   1   1.00
      2.1339846838           1.0000000        
S   1   1.00
      1.0342457284           1.0000000        
S   1   1.00
      0.46199774995          1.0000000        
S   1   1.00
      0.10621264194          1.0000000        
S   1   1.00
      0.54340347374e-01            1.0000000        
S   1   1.00
      0.25110217385e-01            1.0000000        
P   9   1.00
   5169.6755427              0.18802523596e-03      
   1225.0961638              0.16473458826e-02      
    397.60051934             0.91104554321e-02      
    151.36154684             0.36987450926e-01      
     63.613321773            0.11376329624    
     28.514560307            0.25345208574    
     13.248003298            0.38019402704    
      6.3048807760           0.30989136346    
      2.9493525821           0.87418944007e-01      
P   5   1.00
     40.738772213           -0.73233793267e-02      
     14.062358461           -0.34282591082e-01      
      2.7460680961           0.35655009250    
      1.2713688141           0.76112035427    
      0.57610015545          0.62716743237    
P   1   1.00
      0.23981820724          1.0000000        
P   1   1.00
      0.11000000000          1.0000000        
P   1   1.00
      0.50000000000e-01            1.0000000        
P   1   1.00
      0.23000000000e-01            1.0000000        
D   5   1.00
     89.589880075            0.21223030030e-02      
     26.591412960            0.15911819913e-01      
      9.7739715702           0.62875243121e-01      
      3.9625083655           0.17144170807    
      1.6890532654           0.30565506624    
D   1   1.00
      0.71539771469          1.0000000        
D   1   1.00
      0.29366677748          1.0000000        
D   1   1.00
      0.11079094851          1.0000000        
D   1   1.00
      0.45e-01               1.0000000        
F   1   1.00
      2.0930000              1.0000000        
F   1   1.00
      0.5620000              1.0000000        
F   1   1.00
      0.1910000              1.0000000        
G   1   1.00
      1.0040000              1.0000000        
G   1   1.00
      0.2680000              1.0000000        
****
V     0 
S   11   1.00
 3360380.0382000             0.87027840678e-05      
 502646.7317800              0.67786024965e-04      
 114247.2286700              0.35699229090e-03      
  32321.9726300              0.15075507352e-02      
  10532.9472710              0.54664377528e-02      
   3798.3004439              0.17547310839e-01      
   1479.6094715              0.50106594778e-01      
    612.57405507             0.12431296066    
    266.22103326             0.25117026883    
    120.21980126             0.35926015903    
     55.591180848            0.27505075685    
S   4   1.00
   1082.4768635              0.39326847695e-02      
    334.94462061             0.38298477998e-01      
    128.31559026             0.17259908827    
     55.311589616            0.31287423870    
S   1   1.00
     25.108383036            1.0000000        
S   1   1.00
     11.667553242            1.0000000        
S   1   1.00
      5.5372073270           1.0000000        
S   1   1.00
      2.3781007618           1.0000000        
S   1   1.00
      1.1506947329           1.0000000        
S   1   1.00
      0.51283991040          1.0000000        
S   1   1.00
      0.11625711449          1.0000000        
S   1   1.00
      0.58272785598e-01            1.0000000        
S   1   1.00
      0.26662312245e-01            1.0000000        
P   9   1.00
   5782.8035005              0.18344743045e-03      
   1369.9392282              0.16095217453e-02      
    444.53147129             0.89242268749e-02      
    169.25617556             0.36375182379e-01      
     71.168730031            0.11246803294    
     31.933358374            0.25226107794    
     14.865336779            0.38039695005    
      7.0921740091           0.31068797325    
      3.3281157846           0.88141200458e-01      
P   5   1.00
     45.842906017           -0.56661391945e-02      
     15.940339016           -0.26718979445e-01      
      3.1257155025           0.27354632707    
      1.4485867558           0.57972883053    
      0.65577902825          0.47601110515    
P   1   1.00
      0.27311626644          1.0000000        
P   1   1.00
      0.12200000000          1.0000000        
P   1   1.00
      0.55000000000e-01            1.0000000        
P   1   1.00
      0.25000000000e-01            1.0000000        
D   5   1.00
    103.95047414             0.21007158819e-02      
     30.901688665            0.16015244877e-01      
     11.420321145            0.64127456940e-01      
      4.6573272292           0.17488905695    
      1.9963682623           0.31003778048    
D   1   1.00
      0.84967249531          1.0000000        
D   1   1.00
      0.34953221876          1.0000000        
D   1   1.00
      0.13165588233          1.0000000        
D   1   1.00
      0.52e-01               1.0000000        
F   1   1.00
      2.9330000              1.0000000        
F   1   1.00
      0.8310000              1.0000000        
F   1   1.00
      0.2570000              1.0000000        
G   1   1.00
      1.8560000              1.0000000        
G   1   1.00
      0.4550000              1.0000000        
****
Cr     0 
S   11   1.00
 3637838.6820000             0.87693297699e-05      
 544864.4610000              0.68169050223e-04      
 123997.5507900              0.35844590272e-03      
  35116.7331660              0.15117006948e-02      
  11455.7022980              0.54731929774e-02      
   4135.9906712              0.17539430107e-01      
   1613.2513581              0.50004870927e-01      
    668.77932380             0.12393518958    
    291.01365155             0.25039606407    
    131.57328167             0.35870470429    
     60.924567928            0.27581148880    
S   4   1.00
   1196.2899601              0.77368642037e-02      
    369.76947592             0.75837835399e-01      
    141.54426084             0.34435148637    
     60.999228765            0.63249297923    
S   1   1.00
     27.599113358            1.0000000        
S   1   1.00
     12.882112056            1.0000000        
S   1   1.00
      6.1247513721           1.0000000        
S   1   1.00
      2.6332895309           1.0000000        
S   1   1.00
      1.2708482289           1.0000000        
S   1   1.00
      0.56483575923          1.0000000        
S   1   1.00
      0.12596808943          1.0000000        
S   1   1.00
      0.62045607277e-01            1.0000000        
S   1   1.00
      0.28144312720e-01            1.0000000        
P   9   1.00
   6395.8781792              0.18104788151e-03      
   1515.1701574              0.15893658935e-02      
    491.70538681             0.88258739429e-02      
    187.28416675             0.36068946983e-01      
     78.800346444            0.11189649648    
     35.396291693            0.25202239843    
     16.509278879            0.38082266430    
      7.8947396863           0.31035222437    
      3.7136414465           0.87980310362e-01      
P   5   1.00
     51.259312534           -0.60542038165e-02      
     17.934932523           -0.28761764001e-01      
      3.5257174218           0.29087768170    
      1.6339163906           0.61267525056    
      0.73852413834          0.50126035018    
P   1   1.00
      0.30752368193          1.0000000        
P   1   1.00
      0.13500000000          1.0000000        
P   1   1.00
      0.59000000000e-01            1.0000000        
P   1   1.00
      0.26000000000e-01            1.0000000        
D   5   1.00
    118.24986288             0.21012757435e-02      
     35.193935700            0.16212269500e-01      
     13.057816022            0.65581852668e-01      
      5.3485602844           0.17849601449    
      2.3004233713           0.31376763016    
D   1   1.00
      0.98114328305          1.0000000        
D   1   1.00
      0.40334183206          1.0000000        
D   1   1.00
      0.15135589551          1.0000000        
D   1   1.00
      0.60e-01               1.0000000        
F   1   1.00
      3.7330000              1.0000000        
F   1   1.00
      1.1470000              1.0000000        
F   1   1.00
      0.3660000              1.0000000        
G   1   1.00
      2.6570000              1.0000000        
G   1   1.00
      0.7190000              1.0000000        
****
Mn     0 
S   11   1.00
 4289357.6441000             0.79360554972e-05      
 636361.0028500              0.62542986761e-04      
 143637.2756900              0.33226388724e-03      
  40406.3454320              0.14130009568e-02      
  13104.3634170              0.51560918319e-02      
   4705.0664255              0.16659574919e-01      
   1825.7125432              0.47908083403e-01      
    753.33816229             0.11994903752    
    326.47253285             0.24550296959    
    147.10300670             0.35822739571    
     67.987226869            0.28295764442    
S   4   1.00
   1300.7266717              0.76025154141e-02      
    402.72027544             0.74365109808e-01      
    154.38971348             0.33780474819    
     66.443384613            0.62779331746    
S   1   1.00
     30.975316006            1.0000000        
S   1   1.00
     14.222980890            1.0000000        
S   1   1.00
      6.7598265074           1.0000000        
S   1   1.00
      2.9087083287           1.0000000        
S   1   1.00
      1.3966507792           1.0000000        
S   1   1.00
      0.61792624091          1.0000000        
S   1   1.00
      0.13439483715          1.0000000        
S   1   1.00
      0.65195053803e-01            1.0000000        
S   1   1.00
      0.29415713624e-01            1.0000000        
P   9   1.00
   6483.2629658              0.20479778890e-03      
   1556.7134859              0.17525750185e-02      
    509.73925460             0.95798802458e-02      
    195.28408089             0.38681362983e-01      
     82.542547525            0.11832401588    
     37.212076731            0.26168459627    
     17.425804462            0.38400628821    
      8.3691376962           0.29704166759    
      3.9409000444           0.78263290323e-01      
P   5   1.00
     57.202741010           -0.47749099800e-02      
     20.090935947           -0.22989729915e-01      
      3.9357553763           0.23197065881    
      1.8181984012           0.48435204043    
      0.81881535281          0.39159479004    
P   1   1.00
      0.34038359193          1.0000000        
P   1   1.00
      0.15000000000          1.0000000        
P   1   1.00
      0.63000000000e-01            1.0000000        
P   1   1.00
      0.27000000000e-01            1.0000000        
D   6   1.00
    200.40254535             0.89549560240e-03      
     59.898225773            0.76257630942e-02      
     22.810570167            0.34523224226e-01      
      9.5874142097           0.10552676975    
      4.2933710910           0.22575377683    
      1.9537618373           0.32766533667    
D   1   1.00
      0.87378873598          1.0000000        
D   1   1.00
      0.37597748904          1.0000000        
D   1   1.00
      0.14811547592          1.0000000        
D   1   1.00
      0.60e-01               1.0000000        
F   1   1.00
      4.3530000              1.0000000        
F   1   1.00
      1.3260000              1.0000000        
F   1   1.00
      0.4080000              1.0000000        
F   1   1.00
      0.1255000              1.0000000        
G   1   1.00
      3.3160000              1.0000000        
G   1   1.00
      0.9290000              1.0000000        
****
Fe     0 
S   11   1.00
 4313154.4338000             0.86712290122e-05      
 645875.0825300              0.67423150519e-04      
 146981.8769800              0.35448747955e-03      
  41630.6150440              0.14948285557e-02      
  13580.6201090              0.54136698440e-02      
   4902.0620613              0.17362460824e-01      
   1911.2900837              0.49566574059e-01      
    791.99837852             0.12309089705    
    344.54799181             0.24936705764    
    155.78722730             0.35858414677    
     72.179380315            0.27738221642    
S   4   1.00
   1417.9125091              0.74871631942e-02      
    439.23184195             0.73337584435e-01      
    168.51006820             0.33383143870    
     72.776269412            0.62022524641    
S   1   1.00
     32.752961774            1.0000000        
S   1   1.00
     15.434336101            1.0000000        
S   1   1.00
      7.3639318205           1.0000000        
S   1   1.00
      3.1698832880           1.0000000        
S   1   1.00
      1.5243708395           1.0000000        
S   1   1.00
      0.67496281152          1.0000000        
S   1   1.00
      0.14718566032          1.0000000        
S   1   1.00
      0.70082216629e-01            1.0000000        
S   1   1.00
      0.31208269419e-01            1.0000000        
P   9   1.00
   7709.0587627              0.17711229843e-03      
   1826.4666323              0.15560056795e-02      
    592.84368362             0.86629536960e-02      
    225.93763245             0.35565954156e-01      
     95.164758890            0.11098847278    
     42.823132375            0.25177796624    
     20.036286581            0.38166911079    
      9.6159346283           0.30963598261    
      4.5393538787           0.87558276626e-01      
P   5   1.00
     62.997519003           -0.50910388724e-02      
     22.262748731           -0.24540463235e-01      
      4.3900064942           0.24345605487    
      2.0328913928           0.50781898425    
      0.91592621576          0.41214895672    
P   1   1.00
      0.38036653507          1.0000000        
P   1   1.00
      0.1600000              1.0000000        
P   1   1.00
      0.0670000              1.0000000        
P   1   1.00
      0.0280000              1.0000000        
D   6   1.00
    218.33430163             0.93700006628e-03      
     65.256292616            0.80008769378e-02      
     24.866944817            0.36305286587e-01      
     10.473399301            0.11057189871    
      4.6947005007           0.23219588596    
      2.1315982534           0.32922859685    
D   1   1.00
      0.94748004605          1.0000000        
D   1   1.00
      0.40346488831          1.0000000        
D   1   1.00
      0.15687414728          1.0000000        
D   1   1.00
      0.62e-01               1.0000000        
F   1   1.00
      5.1030000              1.0000000        
F   1   1.00
      1.5980000              1.0000000        
F   1   1.00
      0.5050000              1.0000000        
F   1   1.00
      0.1596000              1.0000000        
G   1   1.00
      3.9750000              1.0000000        
G   1   1.00
      1.1390000              1.0000000        
****
Co     0 
S   11   1.00
 4658206.5032000             0.86609506454e-05      
 697560.8745300              0.67336300186e-04      
 158759.8712400              0.35399044899e-03      
  44969.0993790              0.14926384309e-02      
  14670.7142470              0.54053095095e-02      
   5295.8947250              0.17335233605e-01      
   2065.0581167              0.49486641301e-01      
    855.90627750             0.12289351961    
    372.48747255             0.24903230028    
    168.50576608             0.35838320259    
     78.128761566            0.27777974150    
S   4   1.00
   1534.5149885              0.74464372833e-02      
    475.52976096             0.72993601986e-01      
    182.54836839             0.33243104986    
     78.916467177            0.61900490005    
S   1   1.00
     35.500865522            1.0000000        
S   1   1.00
     16.790414486            1.0000000        
S   1   1.00
      8.0240232510           1.0000000        
S   1   1.00
      3.4571682964           1.0000000        
S   1   1.00
      1.6599835391           1.0000000        
S   1   1.00
      0.73380022453          1.0000000        
S   1   1.00
      0.15878613103          1.0000000        
S   1   1.00
      0.74535659476e-01            1.0000000        
S   1   1.00
      0.32867351695e-01            1.0000000        
P   9   1.00
   8425.4331352              0.17491775490e-03      
   1995.8758452              0.15378901702e-02      
    647.76765681             0.85752453448e-02      
    246.88261214             0.35295266911e-01      
    104.00952246             0.11050007672    
     46.827478138            0.25160924538    
     21.934444535            0.38209003019    
     10.540499528            0.30947119879    
      4.9820419385           0.87436873012e-01      
P   5   1.00
     69.270787130           -0.61172424428e-02      
     24.583977935           -0.29655043898e-01      
      4.8562258878           0.29163333190    
      2.2480916102           0.60629408335    
      1.0114285977           0.49057440018    
P   1   1.00
      0.41919905455          1.0000000        
P   1   1.00
      0.1750000              1.0000000        
P   1   1.00
      0.0730000              1.0000000        
P   1   1.00
      0.0300000              1.0000000        
D   6   1.00
    237.58450966             0.97593282671e-03      
     71.086896302            0.83432571945e-02      
     27.119080683            0.37958471100e-01      
     11.448239054            0.11522936171    
      5.1391806672           0.23843467913    
      2.3323492099           0.33205699955    
D   1   1.00
      1.0338662062           1.0000000        
D   1   1.00
      0.43785146294          1.0000000        
D   1   1.00
      0.16895004948          1.0000000        
D   1   1.00
      0.66e-01               1.0000000        
F   1   1.00
      5.9750000              1.0000000        
F   1   1.00
      1.9030000              1.0000000        
F   1   1.00
      0.5940000              1.0000000        
F   1   1.00
      0.1854000              1.0000000        
G   1   1.00
      4.6350000              1.0000000        
G   1   1.00
      1.3490000              1.0000000        
****
Ni     0 
S   11   1.00
 5037649.9532000             0.86072778771e-05      
 754246.3941800              0.66935354750e-04      
 171644.1601000              0.35190801168e-03      
  48617.2302860              0.14839082715e-02      
  15860.9617950              0.53736344264e-02      
   5726.0018653              0.17233376287e-01      
   2232.9547317              0.49211476915e-01      
    925.49649101             0.12232504536    
    402.75336913             0.24829251588    
    182.19422856             0.35825476194    
     84.494109788            0.27881865553    
S   4   1.00
   1678.0564586              0.82462870895e-02      
    519.21358326             0.81505940361e-01      
    198.95881607             0.37495727651    
     85.901180703            0.70841743832    
S   1   1.00
     38.435760123            1.0000000        
S   1   1.00
     18.252349351            1.0000000        
S   1   1.00
      8.7283616939           1.0000000        
S   1   1.00
      3.7616245662           1.0000000        
S   1   1.00
      1.8028217338           1.0000000        
S   1   1.00
      0.79507140513          1.0000000        
S   1   1.00
      0.17031720284          1.0000000        
S   1   1.00
      0.78971236177e-01            1.0000000        
S   1   1.00
      0.34503486750e-01            1.0000000        
P   9   1.00
   9156.5701453              0.17346418360e-03      
   2169.0239526              0.15257220493e-02      
    703.98918991             0.85163281036e-02      
    268.36293215             0.35117466952e-01      
    113.10288796             0.11020275383    
     50.955539222            0.25162601670    
     23.896708209            0.38246389853    
     11.498241522            0.30907230267    
      5.4410908056           0.87194377415e-01      
P   5   1.00
     75.938560736           -0.74635546629e-02      
     27.037350184           -0.36453401627e-01      
      5.3404687432           0.35633549406    
      2.4700181361           0.73774121992    
      1.1095029064           0.59439383024    
P   1   1.00
      0.45899767101          1.0000000        
P   1   1.00
      0.1870000              1.0000000        
P   1   1.00
      0.0762000              1.0000000        
P   1   1.00
      0.0310000              1.0000000        
D   6   1.00
    258.11131142             0.23726274275e-02      
     77.254891371            0.20330132784e-01      
     29.500240033            0.92748486665e-01      
     12.477446945            0.28082284560    
      5.6070455111           0.57392657880    
      2.5427744163           0.78766058527    
D   1   1.00
      1.1238296774           1.0000000        
D   1   1.00
      0.47361171459          1.0000000        
D   1   1.00
      0.18161858319          1.0000000        
D   1   1.00
      0.71e-01               1.0000000        
F   1   1.00
      6.7580000              1.0000000        
F   1   1.00
      2.1740000              1.0000000        
F   1   1.00
      0.6810000              1.0000000        
F   1   1.00
      0.2130000              1.0000000        
G   1   1.00
      5.2940000              1.0000000        
G   1   1.00
      1.5580000              1.0000000        
****
Cu     0 
S   11   1.00
 5056467.8898000             0.93501916365e-05      
 759457.8383500              0.72323443222e-04      
 173524.8849700              0.37813833845e-03      
  49327.2599880              0.15870129862e-02      
  16144.1499300              0.57220685294e-02      
   5844.5964680              0.18268390048e-01      
   2284.6812739              0.51893720863e-01      
    948.88232514             0.12796192366    
    413.66215455             0.25629891036    
    187.38942059             0.36064416138    
     86.872771648            0.26833664660    
S   4   1.00
   1744.0598287              0.88587079141e-02      
    540.93295513             0.86522785813e-01      
    207.99736224             0.38932285258    
     90.475793036            0.69777199902    
S   1   1.00
     38.869687699            1.0000000        
S   1   1.00
     18.974829147            1.0000000        
S   1   1.00
      9.0953644635           1.0000000        
S   1   1.00
      3.8330020174           1.0000000        
S   1   1.00
      1.8198891499           1.0000000        
S   1   1.00
      0.79068098393          1.0000000        
S   1   1.00
      0.14914142106          1.0000000        
S   1   1.00
      0.72448090592e-01            1.0000000        
S   1   1.00
      0.30959925368e-01            1.0000000        
P   9   1.00
   9720.4614555              0.17828803512e-03      
   2302.7557452              0.15678108633e-02      
    747.48498314             0.87470094509e-02      
    285.00132623             0.36044549301e-01      
    120.15121609             0.11287209053    
     54.145261156            0.25647377341    
     25.406033563            0.38512918379    
     12.224331465            0.30316512356    
      5.7638720668           0.81677218969e-01      
P   5   1.00
     83.210837217           -0.63530359993e-02      
     29.694779129           -0.31383834666e-01      
      5.8248516206           0.30930039753    
      2.6746181180           0.63583925938    
      1.1841836775           0.50946045967    
P   1   1.00
      0.48043583535          1.0000000        
P   1   1.00
      0.1870000              1.0000000        
P   1   1.00
      0.0762000              1.0000000        
P   1   1.00
      0.0310000              1.0000000        
D   6   1.00
    249.54025080             0.12432881244e-02      
     74.683914534            0.10456901995e-01      
     28.392717116            0.46451241249e-01      
     11.955968430            0.13541359729    
      5.3210744624           0.25852899978    
      2.3661189459           0.33168127635    
D   1   1.00
      1.0131863994           1.0000000        
D   1   1.00
      0.40710035940          1.0000000        
D   1   1.00
      0.14742541032          1.0000000        
D   1   1.00
      0.71e-01               1.0000000        
F   1   1.00
      6.9620000              1.0000000        
F   1   1.00
      2.2330000              1.0000000        
F   1   1.00
      0.7040000              1.0000000        
F   1   1.00
      0.2400000              1.0000000        
G   1   1.00
      5.9530000              1.0000000        
G   1   1.00
      1.7680000              1.0000000        
****
Zn     0 
S   11   1.00
 5742307.1507000             0.86864381562e-05      
 861450.7879000              0.67364668570e-04      
 196346.0586600              0.35349715135e-03      
  55682.8707370              0.14884153943e-02      
  18183.9023940              0.53840916617e-02      
   6569.6448019              0.17252738209e-01      
   2563.5613276              0.49238679132e-01      
   1063.1147176              0.12235812174    
    462.89771078             0.24835390245    
    209.52821049             0.35830632832    
     97.240787991            0.27880259960    
S   4   1.00
   1929.2689992              0.83077002177e-02      
    598.07122307             0.81882590163e-01      
    229.69667336             0.37588060221    
     99.416819228            0.71067260445    
S   1   1.00
     44.241101421            1.0000000        
S   1   1.00
     21.194367113            1.0000000        
S   1   1.00
     10.158731597            1.0000000        
S   1   1.00
      4.3746176158           1.0000000        
S   1   1.00
      2.0901489071           1.0000000        
S   1   1.00
      0.91869136437          1.0000000        
S   1   1.00
      0.19278660606          1.0000000        
S   1   1.00
      0.87329915171e-01            1.0000000        
S   1   1.00
      0.37552217126e-01            1.0000000        
P   9   1.00
  10690.4451070              0.17142867222e-03      
   2532.3159340              0.15088012830e-02      
    821.94295003             0.84368777910e-02      
    313.42757800             0.34898103208e-01      
    132.18314247             0.10993617353    
     59.620554387            0.25207277070    
     28.019488868            0.38325657524    
     13.511704850            0.30787091255    
      6.4053711253           0.86411696761e-01      
P   5   1.00
     89.981131918           -0.96262847843e-02      
     32.241767106           -0.47509407258e-01      
      6.3809448581           0.45834100431    
      2.9477928353           0.94473799128    
      1.3200854955           0.75923464871    
P   1   1.00
      0.54424674445          1.0000000        
P   1   1.00
      0.25799971797          1.0000000        
P   1   1.00
      0.92863192359e-01            1.0000000        
P   1   1.00
      0.34059341410e-01            1.0000000        
D   6   1.00
    305.22298937             0.27359792434e-02      
     91.468273202            0.23585229776e-01      
     34.986985968            0.10858422440    
     14.849415187            0.32843594226    
      6.6858545707           0.66180235634    
      3.0309412620           0.89165339320    
D   1   1.00
      1.3355050671           1.0000000        
D   1   1.00
      0.55883176392          1.0000000        
D   1   1.00
      0.21180799287          1.0000000        
D   1   1.00
      0.83e-01               1.0000000        
F   1   1.00
      8.0200000              1.0000000        
F   1   1.00
      2.6140000              1.0000000        
F   1   1.00
      0.8360000              1.0000000        
F   1   1.00
      0.2673000              1.0000000        
G   1   1.00
      6.6130000              1.0000000        
G   1   1.00
      1.9780000              1.0000000        
****
Ga     0 
S   11   1.00
 6623802.0274000             0.79091326051e-05      
 987904.0707500              0.61835727406e-04      
 224132.0589900              0.32636322451e-03      
  63315.1929430              0.13810365049e-02      
  20611.3127020              0.50153772104e-02      
   7429.1672482              0.16130936803e-01      
   2894.2071720              0.46240827188e-01      
   1198.9915786              0.11579099571    
    521.82003812             0.23834840794    
    236.27549237             0.35374255971    
    109.98395671             0.29055721918    
S   4   1.00
   2101.2587253              0.83039611523e-02      
    650.97022519             0.82254127688e-01      
    250.22438356             0.38021717478    
    108.17616625             0.74503594690    
S   1   1.00
     51.057486710            1.0000000        
S   1   1.00
     23.647474527            1.0000000        
S   1   1.00
     11.361701144            1.0000000        
S   1   1.00
      5.0178135897           1.0000000        
S   1   1.00
      2.4102674998           1.0000000        
S   1   1.00
      1.0741046685           1.0000000        
S   1   1.00
      0.25745075831          1.0000000        
S   1   1.00
      0.12175227548          1.0000000        
S   1   1.00
      0.52360599017e-01            1.0000000        
P   9   1.00
  14711.7504830              0.11130990649e-03      
   3482.1451716              0.98495921142e-03      
   1130.2186655              0.55854182058e-02      
    431.54093448             0.23682413047e-01      
    182.41723648             0.78211587173e-01      
     82.706753603            0.19503829929    
     39.228128772            0.34131988495    
     19.201979939            0.35718665135    
      9.5056966689           0.16395955052    
P   2   1.00
     92.615613022           -0.85848284169e-01      
     33.750148165           -0.39435019538    
P   4   1.00
      7.3482283015           0.37941606569    
      3.7813384844           0.71306291866    
      2.3145183128           0.43210001481    
      0.80346859715          0.25838122797    
P   1   1.00
      1.5423710087           1.0000000        
P   1   1.00
      0.32910239639          1.0000000        
P   1   1.00
      0.11834088831          1.0000000        
P   1   1.00
      0.41627877699e-01            1.0000000        
D   7   1.00
    363.49565218             0.87402299276e-03      
    109.01749589             0.76751934098e-02      
     41.866430715            0.36388975341e-01      
     17.879279894            0.11325183017    
      8.1201893671           0.23770881294    
      3.7360611356           0.33306060389    
      1.6826812549           0.33130613756    
D   1   1.00
      0.72655790500          1.0000000        
D   1   1.00
      0.28498585079          1.0000000        
D   1   1.00
      0.1120000              1.0000000        
F   1   1.00
      7.7947037670           1.0000000        
F   1   1.00
      2.2956705920           1.0000000        
F   1   1.00
      0.18100000000          1.0000000        
F   1   1.00
      0.47100000000          1.0000000        
G   1   1.00
      0.40320000000          1.0000000        
****
Ge     0 
S   11   1.00
 7233056.0346000             0.76638751457e-05      
 1082886.1731000             0.59603601369e-04      
 246481.4695900              0.31319088031e-03      
  69862.4269550              0.13194051561e-02      
  22815.8096620              0.47736099191e-02      
   8246.5369297              0.15319250467e-01      
   3219.9367257              0.43900870673e-01      
   1336.5743706              0.11028573632    
    582.87737501             0.22912630489    
    264.59511360             0.34779259246    
    123.77823320             0.29968722223    
S   4   1.00
   2311.1055804              0.75033084731e-02      
    716.27089868             0.74778386626e-01      
    275.45330910             0.35092882302    
    118.93292565             0.72055989686    
S   1   1.00
     58.435699085            1.0000000        
S   1   1.00
     26.261575973            1.0000000        
S   1   1.00
     12.664880671            1.0000000        
S   1   1.00
      5.7269548505           1.0000000        
S   1   1.00
      2.7555023203           1.0000000        
S   1   1.00
      1.2432886754           1.0000000        
S   1   1.00
      0.33107183846          1.0000000        
S   1   1.00
      0.15964081368          1.0000000        
S   1   1.00
      0.68463178923e-01            1.0000000        
P   9   1.00
  16555.7110740              0.10199370391e-03      
   3914.9903745              0.90504190546e-03      
   1269.4766518              0.51558490762e-02      
    484.35437789             0.22010335708e-01      
    204.64985822             0.73434798827e-01      
     92.791032094            0.18608955294    
     44.055060255            0.33330981945    
     21.601319931            0.36229776246    
     10.732169233            0.17765186263    
P   2   1.00
    100.88933962            -0.11146182144    
     36.640254741           -0.52324324314    
P   4   1.00
      8.0343224115           0.31484763263    
      4.5613438333           0.38737744790    
      3.1794882223           0.50034353638    
      0.92612041457          0.22656707948    
P   1   1.00
      1.7977040907           1.0000000        
P   1   1.00
      0.41386865432          1.0000000        
P   1   1.00
      0.15830798709          1.0000000        
P   1   1.00
      0.57877035911e-01            1.0000000        
D   7   1.00
    420.99565921             0.78212192196e-03      
    126.36209818             0.69560123831e-02      
     48.661473548            0.33712188323e-01      
     20.880325527            0.10717291194    
      9.5418229355           0.23161030141    
      4.4353653868           0.33390954301    
      2.0285421942           0.33720676378    
D   1   1.00
      0.89484935267          1.0000000        
D   1   1.00
      0.35786074334          1.0000000        
D   1   1.00
      0.1400000              1.0000000        
F   1   1.00
      8.9425329000           1.0000000        
F   1   1.00
      2.6920312990           1.0000000        
F   1   1.00
      0.54920000000          1.0000000        
F   1   1.00
      0.21900000000          1.0000000        
G   1   1.00
      0.46810000000          1.0000000        
****
As     0 
S   11   1.00
 8217482.6198000             0.70590618422e-05      
 1230500.3720000             0.54880889611e-04      
 280225.8664800              0.28809164698e-03      
  79482.5094150              0.12129779464e-02      
  25963.7833510              0.43914559880e-02      
   9381.4010193              0.14125362961e-01      
   3660.4911972              0.40657915618e-01      
   1518.2356024              0.10300382633    
    661.80098920             0.21730077101    
    300.58642127             0.33995751412    
    141.11137296             0.31088634077    
S   4   1.00
   2577.0870580              0.70752991980e-02      
    798.07872277             0.71383615256e-01      
    306.57574948             0.34287024634    
    132.27558802             0.74361403413    
S   1   1.00
     67.448702235            1.0000000        
S   1   1.00
     29.209180441            1.0000000        
S   1   1.00
     14.156509326            1.0000000        
S   1   1.00
      6.5561506682           1.0000000        
S   1   1.00
      3.1392847238           1.0000000        
S   1   1.00
      1.4294631050           1.0000000        
S   1   1.00
      0.41103390885          1.0000000        
S   1   1.00
      0.20032453310          1.0000000        
S   1   1.00
      0.85669928850e-01            1.0000000        
P   10   1.00
  25198.5042780              0.54758168372e-04      
   5972.5601381              0.48572462452e-03      
   1941.9123183              0.27908085625e-02      
    743.59381104             0.12201505962e-01      
    315.63828052             0.42666285138e-01      
    143.96878925             0.11870919141    
     69.068683164            0.24909407023    
     34.254305629            0.36061356903    
     17.371746759            0.29392241832    
      8.7634555628           0.97829057366e-01      
P   5   1.00
    228.49024582            -0.24900140765e-02      
     86.313555488           -0.19482515843e-01      
     36.751366267           -0.61495071038e-01      
      8.5365149464           0.47258065062    
      4.1935128599           1.0236065079     
P   1   1.00
      2.0464980417           1.0000000        
P   1   1.00
      0.98000000000          1.0000000        
P   1   1.00
      0.40534340618          1.0000000        
P   1   1.00
      0.16655070471          1.0000000        
P   1   1.00
      0.65981706123e-01            1.0000000        
D   7   1.00
    479.32599612             0.71722800196e-03      
    143.96064855             0.64419223046e-02      
     55.548909224            0.31776498964e-01      
     23.927581006            0.10276249168    
     10.988194172            0.22710952843    
      5.1489356262           0.33477474118    
      2.3836810892           0.34175986071    
D   1   1.00
      1.0688204667           1.0000000        
D   1   1.00
      0.43305693742          1.0000000        
D   1   1.00
      0.1700000              1.0000000        
F   1   1.00
     10.181096831            1.0000000        
F   1   1.00
      3.1280704550           1.0000000        
F   1   1.00
      0.26400000000          1.0000000        
F   1   1.00
      0.64400000000          1.0000000        
G   1   1.00
      0.54650000000          1.0000000        
****
Se     0 
S   11   1.00
 9520446.7743000             0.63309690150e-05      
 1424984.0802000             0.49267697990e-04      
 324127.5768200              0.25920249744e-03      
  91774.8769500              0.10943145743e-02      
  29932.7257250              0.39706139067e-02      
  10804.6179050              0.12801187916e-01      
   4214.0134779              0.36980379417e-01      
   1747.8116633              0.94461349896e-01      
    762.12160878             0.20274705434    
    346.45604141             0.32878956424    
    163.11569304             0.32300252609    
S   4   1.00
   2614.5153067              0.79113928518e-02      
    818.68552756             0.77187739408e-01      
    318.63398991             0.35672061949    
    139.04844125             0.75846750004    
S   1   1.00
     78.348734788            1.0000000        
S   1   1.00
     31.704290663            1.0000000        
S   1   1.00
     15.505859269            1.0000000        
S   1   1.00
      7.3227423625           1.0000000        
S   1   1.00
      3.4969483549           1.0000000        
S   1   1.00
      1.6121546085           1.0000000        
S   1   1.00
      0.49587158541          1.0000000        
S   1   1.00
      0.24092138175          1.0000000        
S   1   1.00
      0.10231739397          1.0000000        
P   10   1.00
  25360.2156150              0.60531790911e-04      
   5993.7896610              0.53987774437e-03      
   1943.0741755              0.31130456170e-02      
    742.35316156             0.13599674694e-01      
    314.62114597             0.47298958377e-01      
    143.34748044             0.12981487726    
     68.673617552            0.26569982215    
     34.013554117            0.36723195311    
     17.198099621            0.27478356345    
      8.5830329629           0.79256169683e-01      
P   5   1.00
    236.58209146            -0.12271649354e-02      
     90.576183214           -0.92584627774e-02      
     39.086689301           -0.28428728384e-01      
      9.3084344018           0.21201102192    
      4.6169923084           0.47117589805    
P   1   1.00
      2.2653477506           1.0000000        
P   1   1.00
      1.0800000000           1.0000000        
P   1   1.00
      0.47939328581          1.0000000        
P   1   1.00
      0.19619983845          1.0000000        
P   1   1.00
      0.76256339275e-01            1.0000000        
D   7   1.00
    539.48700124             0.66722955533e-03      
    162.13394435             0.60399330928e-02      
     62.661795641            0.30238666507e-01      
     27.077272889            0.99267892065e-01      
     12.483003929            0.22358036310    
      5.8864623136           0.33574682762    
      2.7519131105           0.34554856483    
D   1   1.00
      1.2500769617           1.0000000        
D   1   1.00
      0.51172841843          1.0000000        
D   1   1.00
      0.2000000              1.0000000        
F   1   1.00
     11.333391939            1.0000000        
F   1   1.00
      3.5185505690           1.0000000        
F   1   1.00
      0.28400000000          1.0000000        
F   1   1.00
      0.70970000000          1.0000000        
G   1   1.00
      0.57300000000          1.0000000        
****
Br     0 
S   11   1.00
 10629044.2640000            0.59322104325e-05      
 1591918.2739000             0.46118980689e-04      
 362333.9843700              0.24244612378e-03      
 102643.1114100              0.10231422748e-02      
  33489.8466680              0.37121984175e-02      
  12091.2471900              0.11978107933e-01      
   4716.1908789              0.34682692842e-01      
   1956.1598080              0.89068331264e-01      
    853.08595848             0.19330124567    
    387.96633666             0.32071144956    
    182.85156613             0.32996797574    
S   4   1.00
   3240.4086421              0.65905194070e-02      
   1000.4631935              0.68439609656e-01      
    383.37301682             0.34495478668    
    166.03929698             0.82315542085    
S   1   1.00
     87.919906994            1.0000000        
S   1   1.00
     35.675840068            1.0000000        
S   1   1.00
     17.543657842            1.0000000        
S   1   1.00
      8.4473660433           1.0000000        
S   1   1.00
      3.9666180616           1.0000000        
S   1   1.00
      1.8356815987           1.0000000        
S   1   1.00
      0.59084778776          1.0000000        
S   1   1.00
      0.28863218421          1.0000000        
S   1   1.00
      0.12153380537          1.0000000        
P   10   1.00
  26566.4765790              0.62073657410e-04      
   6290.5088566              0.55131636217e-03      
   2043.3178410              0.31680110980e-02      
    781.67221007             0.13816597290e-01      
    331.51078945             0.48018539681e-01      
    151.09198667             0.13162015183    
     72.395278166            0.26860052203    
     35.869510844            0.36827391093    
     18.139906191            0.27108612944    
      9.0466688944           0.76215338633e-01      
P   5   1.00
    253.71822146            -0.13729169381e-02      
     97.250818058           -0.10393811185e-01      
     42.034897960           -0.32204214612e-01      
      9.9685673555           0.24224770086    
      4.9395854745           0.53557868398    
P   1   1.00
      2.4382845475           1.0000000        
P   1   1.00
      1.1800000000           1.0000000        
P   1   1.00
      0.51047564965          1.0000000        
P   1   1.00
      0.21215851928          1.0000000        
P   1   1.00
      0.83943604990e-01            1.0000000        
D   7   1.00
    601.44434484             0.62783723765e-03      
    180.85718640             0.57205157153e-02      
     69.986806340            0.29002521527e-01      
     30.324710300            0.96446989766e-01      
     14.027909238            0.22065825870    
      6.6511702082           0.33657642375    
      3.1354168338           0.34872040582    
D   1   1.00
      1.4393591843           1.0000000        
D   1   1.00
      0.59350441438          1.0000000        
D   1   1.00
      0.2300000              1.0000000        
F   1   1.00
     12.703062423            1.0000000        
F   1   1.00
      4.0083455670           1.0000000        
F   1   1.00
      0.34070000000          1.0000000        
F   1   1.00
      0.82570000000          1.0000000        
G   1   1.00
      0.64910000000          1.0000000        
****
def2-QZVPP Basis set for Kr, Rb, Sr, Y, Zr, Nb, Mo, Tc, Ru, Rh, Pd, Ag, Cd, In, Sn, Sb, Te, I, Xe, Cs, Ba, La, Hf, Ta, W, Re, Os, Ir, Pt, Au, Hg, Tl, Pb, Bi, Po, At, Rn, Fr, Ra, Ac, Ce, Pr, Nd, Pm, Sm, Eu, Gd, Tb, Dy, Ho, Er, Tm, Yb, Lu, Th, Pa, U, Np, Pu, Am, Cm, Bk, Cf, Es, Fm, Md, No and Lr in Gaussian-format

****
Kr    0
S  11  1.00
  11713823.008      0.56915790360e-05
  1755253.3979      0.44214471278e-04
  399717.41924      0.23227813842e-03
  113285.79260      0.97973661050e-03
  36977.205293      0.35537627541e-02
  13355.036580      0.11468673282e-01
  5210.9012988      0.33241627469e-01
  2162.1137020      0.85620725674e-01
  943.29291023      0.18708766876
  429.20724331      0.31497583326
  202.40720840      0.33406191042
S  4  1.00
  3260.4985521      0.73091509287e-02
  1011.1069716      0.74040355445e-01
  392.44359273      0.35414962222
  173.21702132      0.80188286115
S  1  1.00
  96.619988467       1.0000000000
S  1  1.00
  38.158284867       1.0000000000
S  1  1.00
  18.959517570       1.0000000000
S  1  1.00
  9.2505996199       1.0000000000
S  1  1.00
  4.3486517621       1.0000000000
S  1  1.00
  2.0380324209       1.0000000000
S  1  1.00
 0.69110152540       1.0000000000
S  1  1.00
 0.33506065143       1.0000000000
S  1  1.00
 0.14074441124       1.0000000000
P  10  1.00
  28609.335767      0.60526369543e-04
  6773.1236364      0.53786288403e-03
  2199.8011079      0.30935356550e-02
  841.50201590      0.13514318412e-01
  356.92110288      0.47090086910e-01
  162.71174351      0.12960370449
  78.004264994      0.26607435646
  38.682579997      0.36775851233
  19.589158685      0.27406903542
  9.7990863417      0.78773352304e-01
P  5  1.00
  261.37786869     -0.16397212361e-02
  100.09932146     -0.12034797573e-01
  44.012139363     -0.34891485263e-01
  10.854010739      0.25212650561
  5.4351930182      0.57400781830
P  1  1.00
  2.7062805542       1.0000000000
P  1  1.00
  1.3195633408       1.0000000000
P  1  1.00
 0.58004455967       1.0000000000
P  1  1.00
 0.24329976264       1.0000000000
P  1  1.00
 0.96823725087e-01   1.0000000000
D  7  1.00
  665.35057386      0.59588702935e-03
  200.17995366      0.54594260457e-02
  77.545085570      0.27980992479e-01
  33.677854345      0.94119165910e-01
  15.624928334      0.21825215619
  7.4427867423      0.33739971242
  3.5336073535      0.35141418853
D  1  1.00
  1.6363725142      0.20756718931
D  1  1.00
 0.67845684728       1.0000000000
D  1  1.00
 0.27                1.0
F  1  1.00
   14.180116992      1.0
F  1  1.00
   4.5393183680      1.0
F  1  1.00
 0.41300000000       1.0000000000
F  1  1.00
 0.95570000000       1.0000000000
G  1  1.00
 0.73950000000       1.0000000000
****
Rb    0
S  2  1.00
  7.4744618040      0.26999390986
  6.7296180594     -0.42624989529
S  1  1.00
  2.7822883445       1.0000000000
S  1  1.00
 0.53494544647       1.0000000000
S  1  1.00
 0.22522959349       1.0000000000
S  1  1.00
 0.50765580412e-01   1.0000000000
S  1  1.00
 0.26940281781e-01   1.0000000000
S  1  1.00
 0.13051395489e-01   1.0000000000
P  4  1.00
  5.9998960731      0.54568549670e-01
  3.2040784712     -0.26447792498
 0.86991979950      0.50033505958
 0.44104169728      0.75243449327
P  1  1.00
 0.22139898232       1.0000000000
P  1  1.00
 0.10679039696       1.0000000000
P  1  1.00
 0.33292658822e-01   1.0000000000
P  1  1.00
 0.12847003750e-01   1.0000000000
D  2  1.00
  4.6530655240     -0.11653388661e-02
 0.44914033653      0.15584297068
D  1  1.00
 0.10089577190      0.48262396029
D  1  1.00
 0.27432280711e-01   1.0000000000
D  1  1.00
 0.95353625581e-02   1.0000000000
F  1  1.00
   .07658 1.0
F  1  1.00
   .48744 1.0
F  1  1.00
   1.18448  1.0
****
Sr    0
S  2  1.00
  11.000000000     -0.26157031021
  9.9000000000      0.36446668395
S  1  1.00
  2.8771178206       1.0000000000
S  1  1.00
 0.63364987829       1.0000000000
S  1  1.00
 0.28588739731       1.0000000000
S  1  1.00
 0.61938540840e-01   1.0000000000
S  1  1.00
 0.31237518881e-01   1.0000000000
S  1  1.00
 0.16266139051e-01   1.0000000000
P  4  1.00
  7.6233499793      0.71548409039e-01
  3.6643075442     -0.44232262175
 0.97809648234      0.55690782709
 0.77815253363      0.63437348922
P  1  1.00
 0.40666316828       1.0000000000
P  1  1.00
 0.18725455934       1.0000000000
P  1  1.00
 0.56304594427e-01   1.0000000000
P  1  1.00
 0.21826701680e-01   1.0000000000
D  2  1.00
  4.3003648126     -0.43567751655e-02
 0.84876551534      0.13176477946
D  1  1.00
 0.29200562252      0.27410245307
D  1  1.00
 0.94733990946e-01   1.0000000000
D  1  1.00
 0.30479894317e-01   1.0000000000
F  1  1.00
   .1094             1.0
F  1  1.00
   .5408             1.0
F  1  1.00
   1.346             1.0
****
Y    0
S  2  1.00
  12.000000000     -0.27445870024                                               
  10.800000000      0.37995468727                                               
S  1  1.00
  3.1007372195       1.0000000000                                               
S  1  1.00
 0.74155427570       1.0000000000                                               
S  1  1.00
 0.34176775775       1.0000000000                                               
S  1  1.00
 0.79428797018e-01   1.0000000000                                               
S  1  1.00
 0.43308336524e-01   1.0000000000                                               
S  1  1.00
 0.21593224872e-01   1.0000000000                                               
P  4  1.00
  8.0336135138      0.73041700172e-01                                           
  4.0181723477     -0.41610436192                                               
  1.1052105890      0.55451897342                                               
 0.83219316692      0.62307196069                                               
P  1  1.00
 0.44762676666       1.0000000000                                               
P  1  1.00
 0.20523347112       1.0000000000                                               
P  1  1.00
 0.55045561759e-01   1.0000000000                                               
P  1  1.00
 0.22603027453e-01   1.0000000000                                               
D  4  1.00
  13.755105347      0.23830583863e-02                                           
  3.9629908552     -0.25068021047e-01                                           
  1.3427449755      0.22348991872                                               
 0.62579248108      0.55237929771                                               
D  1  1.00
 0.27632363958       1.0000000000                                               
D  1  1.00
 0.11706987754       1.0000000000                                               
D  1  1.00
 0.46601501035e-01   1.0000000000                                               
F  1  1.00
   0.76291   1.0
F  1  1.00
   0.26515   1.0
F  1  1.00
   0.09215   1.0
G  1  1.00
   0.30250   1.0
G  1  1.00
   0.11474   1.0
****
Zr    0
S  2  1.00
  13.000000000      0.30219052022                                               
  11.750000000     -0.41145056914                                               
S  1  1.00
  3.3679085035       1.0000000000                                               
S  1  1.00
 0.83813257389       1.0000000000                                               
S  1  1.00
 0.39094081796       1.0000000000                                               
S  1  1.00
 0.12165103956       1.0000000000                                               
S  1  1.00
 0.68995924030e-01   1.0000000000                                               
S  1  1.00
 0.28131941438e-01   1.0000000000                                               
P  4  1.00
  8.6639962104      0.73773984271e-01                                           
  4.4109566148     -0.40022747074                                               
  1.2360133871      0.54947233625                                               
 0.87445820593      0.61937721413                                               
P  1  1.00
 0.47713887642       1.0000000000                                               
P  1  1.00
 0.21764845261       1.0000000000                                               
P  1  1.00
 0.57837163627e-01   1.0000000000                                               
P  1  1.00
 0.20242456645e-01   1.0000000000                                               
D  4  1.00
  14.106535710      0.29285547494e-02                                           
  5.0597471810     -0.19680100129e-01                                           
  1.4340490314      0.24763912308                                               
 0.65933129072      0.53572735030                                               
D  1  1.00
 0.28894952351       1.0000000000                                               
D  1  1.00
 0.12160731860       1.0000000000                                               
D  1  1.00
 0.48470078407e-01   1.0000000000                                               
F  1  1.00
   1.14171   1.0
F  1  1.00
   0.39261   1.0
F  1  1.00
   0.13501   1.0
G  1  1.00
   0.53073   1.0
G  1  1.00
   0.18969   1.0
****
Nb    0
S  2  1.00
  13.500000000     -0.32410606901                                               
  12.200000000      0.44773333772                                               
S  1  1.00
  3.7169274051       1.0000000000                                               
S  1  1.00
 0.90652488058       1.0000000000                                               
S  1  1.00
 0.41577606051       1.0000000000                                               
S  1  1.00
 0.11042511303       1.0000000000                                               
S  1  1.00
 0.62821821279e-01   1.0000000000                                               
S  1  1.00
 0.28016289999e-01   1.0000000000                                               
P  4  1.00
  9.3098091725      0.73705483583e-01                                           
  4.8178682975     -0.38234456657                                               
  1.3632838380      0.54987821838                                               
 0.90647526151      0.61931035808                                               
P  1  1.00
 0.50089563075       1.0000000000                                               
P  1  1.00
 0.22793279437       1.0000000000                                               
P  1  1.00
 0.60000000000e-01   1.0000000000                                               
P  1  1.00
 0.20600000000e-01   1.0000000000                                               
D  4  1.00
  17.364404474      0.26413526976e-02                                           
  5.3680385855     -0.20806369564e-01                                           
  1.6586089067      0.24555637053                                               
 0.78121461396      0.53651499644                                               
D  1  1.00
 0.34874234803       1.0000000000                                               
D  1  1.00
 0.14844540532       1.0000000000                                               
D  1  1.00
 0.59334919015e-01   1.0000000000                                               
F  1  1.00
   1.53605   1.0
F  1  1.00
   0.52270   1.0
F  1  1.00
   0.17787   1.0
G  1  1.00
   0.78318   1.0
G  1  1.00
   0.26464   1.0
****
Mo    0
S  3  1.00
  15.000000000      0.57082903143e-01                                           
  13.500000000     -0.66824799324                                               
  12.571764111      0.75521146249                                               
S  1  1.00
  4.1304342348       1.0000000000                                               
S  1  1.00
 0.96478113331       1.0000000000                                               
S  1  1.00
 0.43736648981       1.0000000000                                               
S  1  1.00
 0.11318605514       1.0000000000                                               
S  1  1.00
 0.57579423658e-01   1.0000000000                                               
S  1  1.00
 0.27018151462e-01   1.0000000000                                               
P  4  1.00
  9.1087343439      0.10192125262                                               
  5.3495476626     -0.38460279534                                               
  1.4870196599      0.53457134734                                               
 0.90585473836      0.61724117143                                               
P  1  1.00
 0.50141240214       1.0000000000                                               
P  1  1.00
 0.23286318145       1.0000000000                                               
P  1  1.00
 0.62000000000e-01   1.0000000000                                               
P  1  1.00
 0.21000000000e-01   1.0000000000                                               
D  4  1.00
  17.215377137      0.30147475909e-02                                           
  5.8496916871     -0.28923836319e-01                                           
  1.8232967249      0.25398642015                                               
 0.86970233105      0.52725603860                                               
D  1  1.00
 0.39461697588       1.0000000000                                               
D  1  1.00
 0.17084141240       1.0000000000                                               
D  1  1.00
 0.69272819629e-01   1.0000000000                                               
F  1  1.00
   1.94625   1.0
F  1  1.00
   0.65545   1.0
F  1  1.00
   0.22074   1.0
G  1  1.00
   1.05980   1.0
G  1  1.00
   0.33958   1.0
****
Tc    0
S  3  1.00
  15.000000000     -0.31349221639                                               
  13.500000000      0.44793618799                                               
  7.1022525122      0.20051786822e-01                                           
S  1  1.00
  4.4415995038       1.0000000000                                               
S  1  1.00
  1.0660127848       1.0000000000                                               
S  1  1.00
 0.48568559673       1.0000000000                                               
S  1  1.00
 0.12654965451       1.0000000000                                               
S  1  1.00
 0.66997954399e-01   1.0000000000                                               
S  1  1.00
 0.29822104753e-01   1.0000000000                                               
P  4  1.00
  10.298029968      0.83867175334e-01                                           
  5.7213792785     -0.36246957884                                               
  1.6296063991      0.53649463822                                               
 0.97528623230      0.61837212480                                               
P  1  1.00
 0.53997625690       1.0000000000                                               
P  1  1.00
 0.25172025379       1.0000000000                                               
P  1  1.00
 0.64000000000e-01   1.0000000000                                               
P  1  1.00
 0.21500000000e-01   1.0000000000                                               
D  4  1.00
  18.617708386      0.27056783609e-02                                           
  5.8369803972     -0.35968645824e-01                                           
  2.0921979438      0.21334851537                                               
  1.0148117201      0.45713971996                                               
D  1  1.00
 0.46154215497       1.0000000000                                               
D  1  1.00
 0.19795071041       1.0000000000                                               
D  1  1.00
 0.78619872304e-01   1.0000000000                                               
F  1  1.00
   2.37240   1.0
F  1  1.00
   0.79080   1.0
F  1  1.00
   0.26360   1.0
F  1  1.00
   0.08787   1.0
G  1  1.00
   1.36065   1.0
G  1  1.00
   0.41453   1.0
****
Ru    0
S  3  1.00
  15.000000000      0.40205707045                                               
  13.500000000     -0.59417167365                                               
  7.2130868530      0.12541032854                                               
S  1  1.00
  4.5405901225       1.0000000000                                               
S  1  1.00
  1.1904973723       1.0000000000                                               
S  1  1.00
 0.54307531590       1.0000000000                                               
S  1  1.00
 0.13700563039       1.0000000000                                               
S  1  1.00
 0.73396375028e-01   1.0000000000                                               
S  1  1.00
 0.31250715458e-01   1.0000000000                                               
P  4  1.00
  11.388100061      0.55871461629e-01                                           
  6.1591005666     -0.25808446847                                               
  1.7320431063      0.42924265341                                               
  1.0194857402      0.43313353048                                               
P  1  1.00
 0.58131419111       1.0000000000                                               
P  1  1.00
 0.27290530268       1.0000000000                                               
P  1  1.00
 0.66000000000e-01   1.0000000000                                               
P  1  1.00
 0.22000000000e-01   1.0000000000                                               
D  4  1.00
  18.598247778      0.31556859652e-02                                           
  6.7883773752     -0.34551060293e-01                                           
  2.2470797667      0.21708566158                                               
  1.0884195428      0.42834135307                                               
D  1  1.00
 0.49787892886       1.0000000000                                               
D  1  1.00
 0.21481968266       1.0000000000                                               
D  1  1.00
 0.85666751170e-01   1.0000000000                                               
F  1  1.00
   2.82466   1.0
F  1  1.00
   0.94314   1.0
F  1  1.00
   0.31491   1.0
F  1  1.00
   0.10515   1.0
G  1  1.00
   1.70894   1.0
G  1  1.00
   0.53873   1.0
****
Rh    0
S  3  1.00
  15.000000000      0.50258059140                                               
  13.500000000     -0.76433277918                                               
  7.4051116103      0.31145290674                                               
S  1  1.00
  4.5131696431       1.0000000000                                               
S  1  1.00
  1.3235977422       1.0000000000                                               
S  1  1.00
 0.60954144541       1.0000000000                                               
S  1  1.00
 0.18907192773       1.0000000000                                               
S  1  1.00
 0.89080450794e-01   1.0000000000                                               
S  1  1.00
 0.34131567514e-01   1.0000000000                                               
P  4  1.00
  11.839425278      0.59787418531e-01                                           
  6.6953652636     -0.24743454054                                               
  1.8333616287      0.42987003231                                               
  1.0267931770      0.42547313311                                               
P  1  1.00
 0.58071767020       1.0000000000                                               
P  1  1.00
 0.27907753269       1.0000000000                                               
P  1  1.00
 0.67108954625e-01   1.0000000000                                               
P  1  1.00
 0.22101542156e-01   1.0000000000                                               
D  4  1.00
  26.341167176      0.20623159685e-02                                           
  7.8709462705     -0.17239329053e-01                                           
  2.5989970939      0.17284839402                                               
  1.2613435752      0.36282102279                                               
D  1  1.00
 0.57578407979       1.0000000000                                               
D  1  1.00
 0.24725174897       1.0000000000                                               
D  1  1.00
 0.97531210324e-01   1.0000000000                                               
F  1  1.00
   3.27391   1.0
F  1  1.00
   1.09499   1.0
F  1  1.00
   0.36623   1.0
F  1  1.00
   0.12249   1.0
G  1  1.00
   2.02989   1.0
G  1  1.00
   0.66294   1.0
****
Pd    0
S  3  1.00
  15.262399331      0.44145727454                                               
  13.721983176     -0.70293005979                                               
  4.8448286268      0.36095390108                                               
S  1  1.00
  8.7309326588       1.0000000000                                               
S  1  1.00
  1.4357564094       1.0000000000                                               
S  1  1.00
 0.66088433720       1.0000000000                                               
S  1  1.00
 0.20897212790       1.0000000000                                               
S  1  1.00
 0.91936735872e-01   1.0000000000                                               
S  1  1.00
 0.34733479706e-01   1.0000000000                                               
P  4  1.00
  12.585237008      0.60002003747e-01                                           
  7.2058104839     -0.24022183118                                               
  1.9558705640      0.43424940067                                               
  1.0534418618      0.42084436088                                               
P  1  1.00
 0.59809389552       1.0000000000                                               
P  1  1.00
 0.30362411297       1.0000000000                                               
P  1  1.00
 0.88000000000e-01   1.0000000000                                               
P  1  1.00
 0.30000000000e-01   1.0000000000                                               
D  4  1.00
  28.840985892      0.21131470308e-02                                           
  8.4584163440     -0.17913194955e-01                                           
  2.8648941754      0.17165507663                                               
  1.3966488847      0.36149251150                                               
D  1  1.00
 0.63921677230       1.0000000000                                               
D  1  1.00
 0.27502319836       1.0000000000                                               
D  1  1.00
 0.10829940074       1.0000000000                                               
F  1  1.00
   3.72000   1.0
F  1  1.00
   1.24629   1.0
F  1  1.00
   0.41754   1.0
F  1  1.00
   0.13989   1.0
G  1  1.00
   2.32345   1.0
G  1  1.00
   0.78715   1.0
****
Ag    0
S  4  1.00
  256.50898381      0.73215128094e-03                                           
  19.000000000     -0.14706983774                                               
  14.129749737      0.47914881797                                               
  9.4840599768     -0.26930801705                                               
S  1  1.00
  5.5812682897       1.0000000000                                               
S  1  1.00
  1.4763753299       1.0000000000                                               
S  1  1.00
 0.66184584335       1.0000000000                                               
S  1  1.00
 0.15382171742       1.0000000000                                               
S  1  1.00
 0.79534248689e-01   1.0000000000                                               
S  1  1.00
 0.32408624506e-01   1.0000000000                                               
P  4  1.00
  13.350389537      0.62479151672e-01                                           
  7.7163302467     -0.24398688175                                               
  2.0864535219      0.45439758415                                               
  1.0577805733      0.47607485340                                               
P  1  1.00
 0.52564427657       1.0000000000                                               
P  1  1.00
 0.23694908895       1.0000000000                                               
P  1  1.00
 0.66457980332e-01   1.0000000000                                               
P  1  1.00
 0.21864839286e-01   1.0000000000                                               
D  4  1.00
  32.147961274      0.34564677092e-02                                           
  9.0323725307     -0.28135297216e-01                                           
  3.1673540854      0.26999486025                                               
  1.5519381135      0.57666767772                                               
D  1  1.00
 0.71310284000       1.0000000000                                               
D  1  1.00
 0.30749741551       1.0000000000                                               
D  1  1.00
 0.12094304210       1.0000000000                                               
F  1  1.00
   4.16311   1.0
F  1  1.00
   1.39711   1.0
F  1  1.00
   0.46886   1.0
F  1  1.00
   0.15735   1.0
G  1  1.00
   2.58960   1.0
G  1  1.00
   0.91135   1.0
****
Cd    0
S  4  1.00
  269.30016289      0.62688949336e-03                                           
  18.554269093     -0.43456616075                                               
  16.729943183      0.66043072415                                               
  11.768546646     -0.11793513277                                               
S  1  1.00
  6.1816604427       1.0000000000                                               
S  1  1.00
  1.5775743989       1.0000000000                                               
S  1  1.00
 0.71857981187       1.0000000000                                               
S  1  1.00
 0.16433138409       1.0000000000                                               
S  1  1.00
 0.76794158768e-01   1.0000000000                                               
S  1  1.00
 0.34377199848e-01   1.0000000000                                               
P  4  1.00
  14.107678180      0.70307291426e-01                                           
  8.2750040714     -0.26474818030                                               
  2.2507338323      0.47494851120                                               
  1.1914970238      0.46327020832                                               
P  1  1.00
 0.66041257699       1.0000000000                                               
P  1  1.00
 0.33804403770       1.0000000000                                               
P  1  1.00
 0.96004037879e-01   1.0000000000                                               
P  1  1.00
 0.33681030012e-01   1.0000000000                                               
D  4  1.00
  35.689192548      0.44455913982e-02                                           
  9.3407971610     -0.39185351747e-01                                           
  3.5922659140      0.31235972097                                               
  1.7980676976      0.71163739606                                               
D  1  1.00
 0.84830057791       1.0000000000                                               
D  1  1.00
 0.37846492753       1.0000000000                                               
D  1  1.00
 0.15420101631       1.0000000000                                               
F  1  1.00
   4.76899   1.0
F  1  1.00
   1.59813   1.0
F  1  1.00
   0.53555   1.0
F  1  1.00
   0.17947   1.0
G  1  1.00
   2.94142   1.0
G  1  1.00
   1.03710   1.0
****
In    0
S  9  1.00
  8931.8400000      0.19000000000e-04
  1352.2200000      0.13100000000e-03
  303.39300000      0.47800000000e-03
  45.122900000      0.11708000000e-01
  28.182200000     -0.87330000000e-01
  17.604800000      0.25957700000
  6.9405800000     -0.62847100000
  4.3337700000     -0.15871800000
  1.9868400000      0.67440400000
S  1  1.00
  1.0438672413       1.0000000000
S  3  1.00
  20.245544208      0.29650296199e-01
  11.072298416     -0.14745372687
  2.4929238916      0.53232061960
S  1  1.00
 0.53244484157       1.0000000000
S  1  1.00
 0.21211307407       1.0000000000
S  1  1.00
 0.95475196519e-01   1.0000000000
S  1  1.00
 0.42357644919e-01   1.0000000000
P  7  1.00
  129.23300000      0.27900000000e-03
  29.628400000     -0.61710000000e-02
  18.521100000      0.46912000000e-01
  8.2853600000     -0.23990400000
  2.4993900000      0.42981100000
  1.3221600000      0.48610100000
 0.68870700000      0.22203700000
P  3  1.00
  13.248633034     -0.18203004609e-01
  3.0240161259      0.31476939453
  1.0805448379      0.71919648136
P  1  1.00
 0.33353581509       1.0000000000
P  1  1.00
 0.15403760449       1.0000000000
P  1  1.00
 0.65770424632e-01   1.0000000000
P  1  1.00
 0.27642180293e-01   1.0000000000
D  8  1.00
  131.81131820      0.22281463414e-03
  37.030875816      0.19331306797e-02
  11.378665218     -0.17870304080e-01
  6.4488212086      0.22953424346e-01
  3.4878752216      0.17536747821
  1.9912337572      0.29288830616
  1.1306610212      0.31018960851
 0.63074842914      0.24247651565
D  1  1.00
 0.33856463907       1.0000000000
D  1  1.00
 0.17026198815       1.0000000000
D  1  1.00
 0.69200000000e-01   1.0000000000
F  1  1.00
      0.392100000          1.00000000    
F  1  1.00
      0.156000000          1.00000000    
G  1  1.00
      0.341900000          1.00000000    
F  1  1.00
   1.3983200000   1.0000000000
F  1  1.00
   4.1949600000   1.0000000000
****
Sn    0
S  9  1.00
  11606.900000      0.29000000000e-04
  1754.8000000      0.20600000000e-03
  397.17800000      0.80700000000e-03
  90.299000000      0.24710000000e-02
  31.489000000     -0.40025000000e-01
  19.668500000      0.16315200000
  7.0675900000     -0.55698300000
  4.4149000000     -0.16993200000
  2.1635600000      0.65102800000
S  1  1.00
  1.1440977736       1.0000000000
S  3  1.00
  20.197961274      0.22393937317e-01
  10.880108426     -0.14330764814
  2.7745387028      0.53278527074
S  1  1.00
 0.58550056279       1.0000000000
S  1  1.00
 0.25317089836       1.0000000000
S  1  1.00
 0.11599461634       1.0000000000
S  1  1.00
 0.52233584109e-01   1.0000000000
P  7  1.00
  195.49500000      0.25800000000e-03
  18.256300000      0.44341000000e-01
  11.409400000     -0.10914200000
  6.9056700000     -0.13860600000
  2.9820600000      0.34374300000
  1.6084300000      0.51827100000
 0.83176700000      0.27870600000
P  3  1.00
  13.304065745     -0.20694775410e-01
  3.4193503621      0.33654593033
  1.2382899573      0.71397757129
P  1  1.00
 0.39265300321       1.0000000000
P  1  1.00
 0.19313059747       1.0000000000
P  1  1.00
 0.86443518729e-01   1.0000000000
P  1  1.00
 0.37350684674e-01   1.0000000000
D  8  1.00
  143.82134199      0.26165602862e-03
  41.039940764      0.21562117321e-02
  11.508999207     -0.24771286642e-01
  8.4312612820      0.29022163379e-01
  4.0180001346      0.16171344601
  2.3122021836      0.29213521578
  1.3168562511      0.32241037254
 0.73729126651      0.24629433031
D  1  1.00
 0.40109472811       1.0000000000
D  1  1.00
 0.20593354535       1.0000000000
D  1  1.00
 0.86600000000e-01   1.0000000000
F  1  1.00
      0.431500000          1.00000000    
F  1  1.00
      0.177200000          1.00000000    
G  1  1.00
      0.377400000          1.00000000    
