case,method,revision,run_dir,exit_code,termination,eigensolver,integrals,orbital_type,basis,n_active_orbitals,n_active_electrons,n_structures,n_states,n_threads,energy_initial_hartree,energy_final_hartree,gradient_final_inf,accepted_steps,scf_wall_s,total_wall_s,peak_rss_kb,orbital_hvp_actions,structure_response_actions,coupled_block_actions,exact_hvp_block_actions,structure_response_block_actions,rejected_trials
101687105_vb,block_lbfgs,c2776c4,/home/guqqgroup/taoxia/xmvb-runs/all-optimizers-c2776c4/block_lbfgs/101687105_vb,0,block_lbfgs_projected_gradient_tolerance,davidson,precise integrals by Libcint,hao,cc-pvdz,7,8,490,1,32,-330.382528284954,-330.679227002355,7.80769806e-05,11,0.816889,1.307018,1069488,0,0,0,,,0
102313_vb,block_lbfgs,c2776c4,/home/guqqgroup/taoxia/xmvb-runs/all-optimizers-c2776c4/block_lbfgs/102313_vb,0,block_lbfgs_projected_gradient_tolerance,davidson,precise integrals by Libcint,hao,cc-pvdz,6,6,175,1,32,-399.127909739591,-399.532976140039,1.91972781e-04,13,2.002146,3.387037,3274256,0,0,0,,,0
102383691_vb,block_lbfgs,c2776c4,/home/guqqgroup/taoxia/xmvb-runs/all-optimizers-c2776c4/block_lbfgs/102383691_vb,0,block_lbfgs_projected_gradient_tolerance,davidson,precise integrals by Libcint,hao,cc-pvdz,6,6,175,1,32,-345.362512360518,-345.714549423448,7.93744082e-05,9,1.080696,2.014565,2257776,0,0,0,,,0
104448_vb,block_lbfgs,c2776c4,/home/guqqgroup/taoxia/xmvb-runs/all-optimizers-c2776c4/block_lbfgs/104448_vb,0,block_lbfgs_projected_gradient_tolerance,davidson,precise integrals by Libcint,hao,cc-pvdz,8,10,1176,1,32,-399.105439265357,-399.594122513920,2.78693415e-04,33,8.447377,10.056259,3630084,0,0,0,,,0
10698_VBSCF,block_lbfgs,c2776c4,/home/guqqgroup/taoxia/xmvb-runs/all-optimizers-c2776c4/block_lbfgs/10698_VBSCF,0,block_lbfgs_projected_gradient_tolerance,davidson,precise integrals by Libcint,hao,cc-pvdz,6,6,175,1,32,-422.270572354466,-422.611824578312,1.06764214e-04,21,4.726902,7.118037,5450288,0,0,0,,,0
10698_vb,block_lbfgs,c2776c4,/home/guqqgroup/taoxia/xmvb-runs/all-optimizers-c2776c4/block_lbfgs/10698_vb,0,block_lbfgs_projected_gradient_tolerance,davidson,precise integrals by Libcint,hao,cc-pvdz,7,8,490,1,32,-422.087049999807,-422.623871072868,1.58870199e-04,12,2.869786,5.361918,5486908,0,0,0,,,0
10722_vb,block_lbfgs,c2776c4,/home/guqqgroup/taoxia/xmvb-runs/all-optimizers-c2776c4/block_lbfgs/10722_vb,0,block_lbfgs_projected_gradient_tolerance,davidson,precise integrals by Libcint,hao,cc-pvdz,8,8,1764,1,32,-382.003649645019,-382.465563076426,3.58348800e-05,10,3.943256,5.327668,3040236,0,0,0,,,0
10824_vb,block_lbfgs,c2776c4,/home/guqqgroup/taoxia/xmvb-runs/all-optimizers-c2776c4/block_lbfgs/10824_vb,0,block_lbfgs_projected_gradient_tolerance,davidson,precise integrals by Libcint,hao,cc-pvdz,8,10,1176,1,32,-399.077138754763,-399.575157829886,1.08570545e-04,13,3.638195,4.817736,2997320,0,0,0,,,0
10996982_vb,block_lbfgs,c2776c4,/home/guqqgroup/taoxia/xmvb-runs/all-optimizers-c2776c4/block_lbfgs/10996982_vb,0,block_lbfgs_projected_gradient_tolerance,davidson,precise integrals by Libcint,hao,cc-pvdz,8,8,1764,1,32,-344.203800604408,-344.569334274001,5.94355773e-05,9,2.702005,3.311648,1492696,0,0,0,,,0
11335_vb,block_lbfgs,c2776c4,/home/guqqgroup/taoxia/xmvb-runs/all-optimizers-c2776c4/block_lbfgs/11335_vb,0,block_lbfgs_projected_gradient_tolerance,davidson,precise integrals by Libcint,hao,cc-pvdz,7,8,490,1,32,-383.154842718130,-383.602683192746,3.95317829e-05,12,2.120816,3.847013,3695404,0,0,0,,,0
11412357_vb,block_lbfgs,c2776c4,/home/guqqgroup/taoxia/xmvb-runs/all-optimizers-c2776c4/block_lbfgs/11412357_vb,0,block_lbfgs_projected_gradient_tolerance,davidson,precise integrals by Libcint,hao,cc-pvdz,8,8,1764,1,32,-380.049757192069,-380.397591654000,2.27994851e-05,9,2.713643,3.277499,1525208,0,0,0,,,0
11829369_vb,block_lbfgs,c2776c4,/home/guqqgroup/taoxia/xmvb-runs/all-optimizers-c2776c4/block_lbfgs/11829369_vb,0,block_lbfgs_projected_gradient_tolerance,davidson,precise integrals by Libcint,hao,cc-pvdz,6,6,175,1,32,-306.399650251275,-306.692762433746,5.79764138e-05,9,0.717240,1.284878,1514556,0,0,0,,,0
11829387_vb,block_lbfgs,c2776c4,/home/guqqgroup/taoxia/xmvb-runs/all-optimizers-c2776c4/block_lbfgs/11829387_vb,0,block_lbfgs_projected_gradient_tolerance,davidson,precise integrals by Libcint,hao,cc-pvdz,6,6,175,1,32,-345.370768562854,-345.714448210653,6.54668228e-05,9,0.960146,1.816731,2232120,0,0,0,,,0
118623_vb,block_lbfgs,c2776c4,/home/guqqgroup/taoxia/xmvb-runs/all-optimizers-c2776c4/block_lbfgs/118623_vb,0,block_lbfgs_projected_gradient_tolerance,davidson,precise integrals by Libcint,hao,cc-pvdz,8,8,1764,1,32,-420.985325603286,-421.488829496521,1.65318292e-04,14,5.905584,8.135825,4738424,0,0,0,,,0
120047_vb,block_lbfgs,c2776c4,/home/guqqgroup/taoxia/xmvb-runs/all-optimizers-c2776c4/block_lbfgs/120047_vb,0,block_lbfgs_projected_gradient_tolerance,davidson,precise integrals by Libcint,hao,cc-pvdz,8,8,1764,1,32,-459.973101343937,-460.509480699362,1.42306038e-04,14,6.731415,9.318340,6094788,0,0,0,,,0
12105_vb,block_lbfgs,c2776c4,/home/guqqgroup/taoxia/xmvb-runs/all-optimizers-c2776c4/block_lbfgs/12105_vb,0,block_lbfgs_projected_gradient_tolerance,davidson,precise integrals by Libcint,hao,cc-pvdz,8,8,1764,1,32,-382.014158063696,-382.467914866187,1.81139656e-04,13,5.002544,6.292526,3097656,0,0,0,,,0
12119_vb,block_lbfgs,c2776c4,/home/guqqgroup/taoxia/xmvb-runs/all-optimizers-c2776c4/block_lbfgs/12119_vb,0,block_lbfgs_projected_gradient_tolerance,davidson,precise integrals by Libcint,hao,cc-pvdz,8,10,1176,1,32,-438.120394649369,-438.603159866225,1.66879307e-04,33,10.123476,12.021696,4533952,0,0,0,,,0
12570_vb,block_lbfgs,c2776c4,/home/guqqgroup/taoxia/xmvb-runs/all-optimizers-c2776c4/block_lbfgs/12570_vb,0,block_lbfgs_projected_gradient_tolerance,davidson,precise integrals by Libcint,hao,cc-pvdz,7,8,490,1,32,-422.166365243374,-422.624614928344,1.89773939e-04,16,3.453143,5.667926,5487704,0,0,0,,,0
13442701_vb,block_lbfgs,c2776c4,/home/guqqgroup/taoxia/xmvb-runs/all-optimizers-c2776c4/block_lbfgs/13442701_vb,0,block_lbfgs_projected_gradient_tolerance,davidson,precise integrals by Libcint,hao,cc-pvdz,6,6,175,1,32,-306.390770176322,-306.692758545824,4.66212552e-05,9,0.717701,1.293066,1680204,0,0,0,,,0
136199_vb,block_lbfgs,c2776c4,/home/guqqgroup/taoxia/xmvb-runs/all-optimizers-c2776c4/block_lbfgs/136199_vb,0,block_lbfgs_projected_gradient_tolerance,davidson,precise integrals by Libcint,hao,cc-pvdz,6,6,175,1,32,-581.824189270425,-582.250783259790,6.70842974e-05,9,1.195033,2.260128,2614936,0,0,0,,,0
14069533_vb,block_lbfgs,c2776c4,/home/guqqgroup/taoxia/xmvb-runs/all-optimizers-c2776c4/block_lbfgs/14069533_vb,0,block_lbfgs_projected_gradient_tolerance,davidson,precise integrals by Libcint,hao,cc-pvdz,8,10,1176,1,32,-477.108979370742,-477.623097680225,1.48672979e-04,33,10.399244,12.753451,6183792,0,0,0,,,0
141780729_vb,block_lbfgs,c2776c4,/home/guqqgroup/taoxia/xmvb-runs/all-optimizers-c2776c4/block_lbfgs/141780729_vb,0,block_lbfgs_projected_gradient_tolerance,davidson,precise integrals by Libcint,hao,cc-pvdz,7,8,490,1,32,-330.390183137466,-330.677016521106,2.46884512e-04,11,0.726828,1.177862,1075048,0,0,0,,,0
141796858_vb,block_lbfgs,c2776c4,/home/guqqgroup/taoxia/xmvb-runs/all-optimizers-c2776c4/block_lbfgs/141796858_vb,0,block_lbfgs_projected_gradient_tolerance,davidson,precise integrals by Libcint,hao,cc-pvdz,7,8,490,1,32,-330.381258709868,-330.681737872603,1.11007941e-04,11,0.722936,1.200563,1204740,0,0,0,,,0
141905057_vb,block_lbfgs,c2776c4,/home/guqqgroup/taoxia/xmvb-runs/all-optimizers-c2776c4/block_lbfgs/141905057_vb,0,block_lbfgs_projected_gradient_tolerance,davidson,precise integrals by Libcint,hao,cc-pvdz,7,8,490,1,32,-330.360335652977,-330.681119856827,1.37414965e-04,10,0.657933,1.149798,1196724,0,0,0,,,0
14203609_vb,block_lbfgs,c2776c4,/home/guqqgroup/taoxia/xmvb-runs/all-optimizers-c2776c4/block_lbfgs/14203609_vb,0,block_lbfgs_projected_gradient_tolerance,davidson,precise integrals by Libcint,hao,cc-pvdz,8,8,1764,1,32,-422.146903188669,-422.609950764842,8.04004588e-05,9,4.048584,5.561976,3433320,0,0,0,,,0
14272_vb,block_lbfgs,c2776c4,/home/guqqgroup/taoxia/xmvb-runs/all-optimizers-c2776c4/block_lbfgs/14272_vb,0,block_lbfgs_projected_gradient_tolerance,davidson,precise integrals by Libcint,hao,cc-pvdz,8,8,1764,1,32,-323.232302402083,-323.599780453916,1.26940532e-04,17,5.282270,6.141325,2233544,0,0,0,,,0
143088562_vb,block_lbfgs,c2776c4,/home/guqqgroup/taoxia/xmvb-runs/all-optimizers-c2776c4/block_lbfgs/143088562_vb,0,block_lbfgs_projected_gradient_tolerance,davidson,precise integrals by Libcint,hao,cc-pvdz,7,8,490,1,32,-330.385522535292,-330.676642403455,1.30512179e-04,10,0.893143,1.415376,1108872,0,0,0,,,0
144909560_vb,block_lbfgs,c2776c4,/home/guqqgroup/taoxia/xmvb-runs/all-optimizers-c2776c4/block_lbfgs/144909560_vb,0,block_lbfgs_projected_gradient_tolerance,davidson,precise integrals by Libcint,hao,cc-pvdz,7,8,490,1,32,-330.358059380055,-330.675926959137,2.07662749e-04,37,2.594493,3.294732,1732392,0,0,0,,,0
14602227_vb,block_lbfgs,c2776c4,/home/guqqgroup/taoxia/xmvb-runs/all-optimizers-c2776c4/block_lbfgs/14602227_vb,0,block_lbfgs_projected_gradient_tolerance,davidson,precise integrals by Libcint,hao,cc-pvdz,9,12,2520,1,32,-497.863927629215,-498.413174111524,1.96037203e-04,34,25.726666,27.294689,3791664,0,0,0,,,0
15271389_vb,block_lbfgs,c2776c4,/home/guqqgroup/taoxia/xmvb-runs/all-optimizers-c2776c4/block_lbfgs/15271389_vb,0,block_lbfgs_projected_gradient_tolerance,davidson,precise integrals by Libcint,hao,cc-pvdz,6,6,175,1,32,-384.241680205525,-384.559835537378,4.36162678e-05,9,0.890196,1.678076,1897136,0,0,0,,,0
15523_vb,block_lbfgs,c2776c4,/home/guqqgroup/taoxia/xmvb-runs/all-optimizers-c2776c4/block_lbfgs/15523_vb,0,block_lbfgs_projected_gradient_tolerance,davidson,precise integrals by Libcint,hao,cc-pvdz,7,8,490,1,32,-422.119636554368,-422.623551625274,1.70988088e-04,24,4.128628,6.276660,5659088,0,0,0,,,0
17016_vb,block_lbfgs,c2776c4,/home/guqqgroup/taoxia/xmvb-runs/all-optimizers-c2776c4/block_lbfgs/17016_vb,0,block_lbfgs_projected_gradient_tolerance,davidson,precise integrals by Libcint,hao,cc-pvdz,7,8,490,1,32,-422.059135095729,-422.621493402603,5.74210435e-05,12,2.538050,4.973636,5419512,0,0,0,,,0
17941270_vb,block_lbfgs,c2776c4,/home/guqqgroup/taoxia/xmvb-runs/all-optimizers-c2776c4/block_lbfgs/17941270_vb,0,block_lbfgs_projected_gradient_tolerance,davidson,precise integrals by Libcint,hao,cc-pvdz,7,8,490,1,32,-423.210947736596,-423.590292657790,2.40172131e-04,15,1.772628,3.026591,3346532,0,0,0,,,0
18457360_vb,block_lbfgs,c2776c4,/home/guqqgroup/taoxia/xmvb-runs/all-optimizers-c2776c4/block_lbfgs/18457360_vb,0,block_lbfgs_projected_gradient_tolerance,davidson,precise integrals by Libcint,hao,cc-pvdz,11,16,2310,1,32,-695.258208103512,-695.934075244946,1.56013319e-04,47,102.151196,103.959646,5137308,0,0,0,,,0
18457362_vb,block_lbfgs,c2776c4,/home/guqqgroup/taoxia/xmvb-runs/all-optimizers-c2776c4/block_lbfgs/18457362_vb,0,block_lbfgs_projected_gradient_tolerance,davidson,precise integrals by Libcint,hao,cc-pvdz,11,16,2310,1,32,-695.239223011177,-695.936337983951,3.20261656e-04,40,88.725879,90.528979,5050288,0,0,0,,,0
18457365_vb,block_lbfgs,c2776c4,/home/guqqgroup/taoxia/xmvb-runs/all-optimizers-c2776c4/block_lbfgs/18457365_vb,0,block_lbfgs_projected_gradient_tolerance,davidson,precise integrals by Libcint,hao,cc-pvdz,10,14,3570,1,32,-596.600469944907,-597.226986470369,2.57051551e-04,54,96.441225,98.339074,4252684,0,0,0,,,0
18457367_vb,block_lbfgs,c2776c4,/home/guqqgroup/taoxia/xmvb-runs/all-optimizers-c2776c4/block_lbfgs/18457367_vb,0,block_lbfgs_projected_gradient_tolerance,davidson,precise integrals by Libcint,hao,cc-pvdz,10,14,3570,1,32,-596.619557197714,-597.234550391227,1.65295473e-04,50,93.865329,95.755149,4282396,0,0,0,,,0
18457372_vb,block_lbfgs,c2776c4,/home/guqqgroup/taoxia/xmvb-runs/all-optimizers-c2776c4/block_lbfgs/18457372_vb,0,block_lbfgs_projected_gradient_tolerance,davidson,precise integrals by Libcint,hao,cc-pvdz,9,12,2520,1,32,-497.895879311052,-498.419155001582,4.66571746e-04,44,32.496559,34.153768,3891400,0,0,0,,,0
18677762_vb,block_lbfgs,c2776c4,/home/guqqgroup/taoxia/xmvb-runs/all-optimizers-c2776c4/block_lbfgs/18677762_vb,0,block_lbfgs_projected_gradient_tolerance,davidson,precise integrals by Libcint,hao,cc-pvdz,8,10,1176,1,32,-473.925543218037,-474.413801485001,1.72405257e-04,33,9.935065,11.722972,3964848,0,0,0,,,0
19863224_vb,block_lbfgs,c2776c4,/home/guqqgroup/taoxia/xmvb-runs/all-optimizers-c2776c4/block_lbfgs/19863224_vb,0,block_lbfgs_projected_gradient_tolerance,davidson,precise integrals by Libcint,hao,cc-pvdz,8,10,1176,1,32,-512.920403445224,-513.445197097462,2.57810965e-04,34,9.644653,12.024805,5701372,0,0,0,,,0
21439_vb,block_lbfgs,c2776c4,/home/guqqgroup/taoxia/xmvb-runs/all-optimizers-c2776c4/block_lbfgs/21439_vb,0,block_lbfgs_projected_gradient_tolerance,davidson,precise integrals by Libcint,hao,cc-pvdz,7,8,490,1,32,-399.121150514219,-399.586432405306,2.41493266e-04,32,4.545547,6.281065,3784668,0,0,0,,,0
21613172_vb,block_lbfgs,c2776c4,/home/guqqgroup/taoxia/xmvb-runs/all-optimizers-c2776c4/block_lbfgs/21613172_vb,0,block_lbfgs_projected_gradient_tolerance,davidson,precise integrals by Libcint,hao,cc-pvdz,7,8,490,1,32,-384.240321010844,-384.571196130111,1.75368868e-04,10,1.059185,1.829724,1848956,0,0,0,,,0
22764375_vb,block_lbfgs,c2776c4,/home/guqqgroup/taoxia/xmvb-runs/all-optimizers-c2776c4/block_lbfgs/22764375_vb,0,block_lbfgs_projected_gradient_tolerance,davidson,precise integrals by Libcint,hao,cc-pvdz,8,10,1176,1,32,-477.083657955610,-477.604825754550,1.05032224e-04,32,11.972111,14.831644,7300348,0,0,0,,,0
240_vb,block_lbfgs,c2776c4,/home/guqqgroup/taoxia/xmvb-runs/all-optimizers-c2776c4/block_lbfgs/240_vb,0,block_lbfgs_projected_gradient_tolerance,davidson,precise integrals by Libcint,hao,cc-pvdz,8,8,1764,1,32,-343.075645212602,-343.446302343926,1.31516074e-04,9,4.987287,6.176821,1814272,0,0,0,,,0
241_VBSCF,block_lbfgs,c2776c4,/home/guqqgroup/taoxia/xmvb-runs/all-optimizers-c2776c4/block_lbfgs/241_VBSCF,0,block_lbfgs_projected_gradient_tolerance,davidson,precise integrals by Libcint,hao,cc-pvdz,6,6,175,1,32,-230.474471728924,-230.720590388332,2.31352005e-05,21,1.014419,1.445604,992564,0,0,0,,,0
241_vb,block_lbfgs,c2776c4,/home/guqqgroup/taoxia/xmvb-runs/all-optimizers-c2776c4/block_lbfgs/241_vb,0,block_lbfgs_projected_gradient_tolerance,davidson,precise integrals by Libcint,hao,cc-pvdz,6,6,175,1,32,-230.490978872503,-230.720590391887,1.89358370e-05,9,0.490910,0.952039,984352,0,0,0,,,0
242722_vb,block_lbfgs,c2776c4,/home/guqqgroup/taoxia/xmvb-runs/all-optimizers-c2776c4/block_lbfgs/242722_vb,0,block_lbfgs_projected_gradient_tolerance,davidson,precise integrals by Libcint,hao,cc-pvdz,7,8,490,1,32,-384.241319708749,-384.574824092450,1.27000562e-04,11,0.932823,1.621942,1940928,0,0,0,,,0
2737403_vb,block_lbfgs,c2776c4,/home/guqqgroup/taoxia/xmvb-runs/all-optimizers-c2776c4/block_lbfgs/2737403_vb,0,block_lbfgs_projected_gradient_tolerance,davidson,precise integrals by Libcint,hao,cc-pvdz,7,8,490,1,32,-384.237994911485,-384.576221396529,1.20789412e-04,10,1.066773,1.844380,1770276,0,0,0,,,0
2762819_vb,block_lbfgs,c2776c4,/home/guqqgroup/taoxia/xmvb-runs/all-optimizers-c2776c4/block_lbfgs/2762819_vb,0,block_lbfgs_projected_gradient_tolerance,davidson,precise integrals by Libcint,hao,cc-pvdz,7,8,490,1,32,-384.243652867421,-384.574092875933,1.50256936e-04,10,1.040289,1.842264,1859356,0,0,0,,,0
2762871_vb,block_lbfgs,c2776c4,/home/guqqgroup/taoxia/xmvb-runs/all-optimizers-c2776c4/block_lbfgs/2762871_vb,0,block_lbfgs_projected_gradient_tolerance,davidson,precise integrals by Libcint,hao,cc-pvdz,8,10,1176,1,32,-444.057957102641,-444.387594476999,2.31752033e-04,11,2.028787,2.642591,1308520,0,0,0,,,0
2762892_vb,block_lbfgs,c2776c4,/home/guqqgroup/taoxia/xmvb-runs/all-optimizers-c2776c4/block_lbfgs/2762892_vb,0,block_lbfgs_projected_gradient_tolerance,davidson,precise integrals by Libcint,hao,cc-pvdz,7,8,490,1,32,-384.227664004493,-384.568464345293,1.42053052e-04,10,1.010582,1.746297,1747920,0,0,0,,,0
2774635_vb,block_lbfgs,c2776c4,/home/guqqgroup/taoxia/xmvb-runs/all-optimizers-c2776c4/block_lbfgs/2774635_vb,0,block_lbfgs_projected_gradient_tolerance,davidson,precise integrals by Libcint,hao,cc-pvdz,7,8,490,1,32,-384.241318185607,-384.574713808855,1.50679799e-04,10,0.968014,1.754275,1771252,0,0,0,,,0
301439_vb,block_lbfgs,c2776c4,/home/guqqgroup/taoxia/xmvb-runs/all-optimizers-c2776c4/block_lbfgs/301439_vb,0,block_lbfgs_projected_gradient_tolerance,davidson,precise integrals by Libcint,hao,cc-pvdz,8,10,1176,1,32,-477.104172893560,-477.626617476639,1.57824175e-04,33,11.450684,14.370104,6809304,0,0,0,,,0
3018667_vb,block_lbfgs,c2776c4,/home/guqqgroup/taoxia/xmvb-runs/all-optimizers-c2776c4/block_lbfgs/3018667_vb,0,block_lbfgs_projected_gradient_tolerance,davidson,precise integrals by Libcint,hao,cc-pvdz,8,10,1176,1,32,-399.095400726247,-399.597688162441,2.24846556e-04,33,10.705137,12.456566,3339696,0,0,0,,,0
335_vb,block_lbfgs,c2776c4,/home/guqqgroup/taoxia/xmvb-runs/all-optimizers-c2776c4/block_lbfgs/335_vb,0,block_lbfgs_projected_gradient_tolerance,davidson,precise integrals by Libcint,hao,cc-pvdz,7,8,490,1,32,-344.213152322564,-344.583151631906,3.66140073e-04,10,1.023926,2.073060,2318492,0,0,0,,,0
345367_vb,block_lbfgs,c2776c4,/home/guqqgroup/taoxia/xmvb-runs/all-optimizers-c2776c4/block_lbfgs/345367_vb,0,block_lbfgs_projected_gradient_tolerance,davidson,precise integrals by Libcint,hao,cc-pvdz,7,8,490,1,32,-384.233160899174,-384.569328124959,9.89336844e-05,10,0.981242,1.673819,1739516,0,0,0,,,0
34857_vb,block_lbfgs,c2776c4,/home/guqqgroup/taoxia/xmvb-runs/all-optimizers-c2776c4/block_lbfgs/34857_vb,0,block_lbfgs_projected_gradient_tolerance,davidson,precise integrals by Libcint,hao,cc-pvdz,7,8,490,1,32,-422.127450938246,-422.625058349883,1.76992656e-04,16,3.361702,5.708023,5653440,0,0,0,,,0
35743_vb,block_lbfgs,c2776c4,/home/guqqgroup/taoxia/xmvb-runs/all-optimizers-c2776c4/block_lbfgs/35743_vb,0,block_lbfgs_projected_gradient_tolerance,davidson,precise integrals by Libcint,hao,cc-pvdz,7,8,490,1,32,-461.100512735973,-461.644243699214,1.26348787e-04,24,5.480648,8.329973,7268972,0,0,0,,,0
413657_vb,block_lbfgs,c2776c4,/home/guqqgroup/taoxia/xmvb-runs/all-optimizers-c2776c4/block_lbfgs/413657_vb,0,block_lbfgs_projected_gradient_tolerance,davidson,precise integrals by Libcint,hao,cc-pvdz,8,10,1176,1,32,-399.083153009711,-399.593586530800,2.56151669e-04,34,7.616217,9.255779,3591596,0,0,0,,,0
519333_vb,block_lbfgs,c2776c4,/home/guqqgroup/taoxia/xmvb-runs/all-optimizers-c2776c4/block_lbfgs/519333_vb,0,block_lbfgs_projected_gradient_tolerance,davidson,precise integrals by Libcint,hao,cc-pvdz,7,8,490,1,32,-422.125900928088,-422.623407467564,2.06615896e-04,17,3.107348,5.321942,5896012,0,0,0,,,0
5283312_vb,block_lbfgs,c2776c4,/home/guqqgroup/taoxia/xmvb-runs/all-optimizers-c2776c4/block_lbfgs/5283312_vb,0,block_lbfgs_projected_gradient_tolerance,davidson,precise integrals by Libcint,hao,cc-pvdz,8,8,1764,1,32,-380.049020427788,-380.400664748504,9.41732889e-05,8,2.749115,3.331967,1285976,0,0,0,,,0
5283331_vb,block_lbfgs,c2776c4,/home/guqqgroup/taoxia/xmvb-runs/all-optimizers-c2776c4/block_lbfgs/5283331_vb,0,block_lbfgs_projected_gradient_tolerance,davidson,precise integrals by Libcint,hao,cc-pvdz,8,8,1764,1,32,-383.177884277969,-383.590918734374,5.10670766e-05,9,3.579755,5.071847,2205684,0,0,0,,,0
5324773_vb,block_lbfgs,c2776c4,/home/guqqgroup/taoxia/xmvb-runs/all-optimizers-c2776c4/block_lbfgs/5324773_vb,0,block_lbfgs_projected_gradient_tolerance,davidson,precise integrals by Libcint,hao,cc-pvdz,7,8,490,1,32,-399.191908871062,-399.591154122355,1.74503083e-04,11,1.645057,4.966925,3044972,0,0,0,,,0
5356793_vb,block_lbfgs,c2776c4,/home/guqqgroup/taoxia/xmvb-runs/all-optimizers-c2776c4/block_lbfgs/5356793_vb,0,block_lbfgs_projected_gradient_tolerance,davidson,precise integrals by Libcint,hao,cc-pvdz,10,12,4830,1,32,-529.682360602764,-530.094183998684,2.18979113e-04,10,5.947815,6.834160,2045148,0,0,0,,,0
5367417_vb,block_lbfgs,c2776c4,/home/guqqgroup/taoxia/xmvb-runs/all-optimizers-c2776c4/block_lbfgs/5367417_vb,0,block_lbfgs_projected_gradient_tolerance,davidson,precise integrals by Libcint,hao,cc-pvdz,6,6,175,1,32,-231.578888260907,-231.841419070259,4.62416922e-05,8,0.443664,0.867640,951024,0,0,0,,,0
57416843_vb,block_lbfgs,c2776c4,/home/guqqgroup/taoxia/xmvb-runs/all-optimizers-c2776c4/block_lbfgs/57416843_vb,0,block_lbfgs_projected_gradient_tolerance,davidson,precise integrals by Libcint,hao,cc-pvdz,9,10,1386,1,32,-421.973079024237,-422.403936334994,1.69829521e-04,17,3.051666,4.094691,2561552,0,0,0,,,0
58904570_vb,block_lbfgs,c2776c4,/home/guqqgroup/taoxia/xmvb-runs/all-optimizers-c2776c4/block_lbfgs/58904570_vb,0,block_lbfgs_projected_gradient_tolerance,davidson,precise integrals by Libcint,hao,cc-pvdz,9,12,2520,1,32,-575.831809218550,-576.460417886908,1.94564392e-04,34,30.014242,33.440060,7412848,0,0,0,,,0
5931_vb,block_lbfgs,c2776c4,/home/guqqgroup/taoxia/xmvb-runs/all-optimizers-c2776c4/block_lbfgs/5931_vb,0,block_lbfgs_projected_gradient_tolerance,davidson,precise integrals by Libcint,hao,cc-pvdz,8,10,1176,1,32,-399.135498918634,-399.579447238535,1.73571361e-04,33,8.284843,9.759221,3345232,0,0,0,,,0
637564_vb,block_lbfgs,c2776c4,/home/guqqgroup/taoxia/xmvb-runs/all-optimizers-c2776c4/block_lbfgs/637564_vb,0,block_lbfgs_projected_gradient_tolerance,davidson,precise integrals by Libcint,hao,cc-pvdz,6,6,175,1,32,-306.398878479836,-306.695267411777,6.34957873e-05,9,0.644669,1.183755,1279668,0,0,0,,,0
640475_vb,block_lbfgs,c2776c4,/home/guqqgroup/taoxia/xmvb-runs/all-optimizers-c2776c4/block_lbfgs/640475_vb,0,block_lbfgs_projected_gradient_tolerance,davidson,precise integrals by Libcint,hao,cc-pvdz,6,6,175,1,32,-483.038787665172,-483.406951815327,3.34927947e-04,14,1.699045,8.757412,2369460,0,0,0,,,0
6429037_vb,block_lbfgs,c2776c4,/home/guqqgroup/taoxia/xmvb-runs/all-optimizers-c2776c4/block_lbfgs/6429037_vb,0,block_lbfgs_projected_gradient_tolerance,davidson,precise integrals by Libcint,hao,cc-pvdz,7,8,490,1,32,-459.893647786579,-460.456405418925,1.04356279e-04,24,5.779709,8.944525,6783468,0,0,0,,,0
6442690_vb,block_lbfgs,c2776c4,/home/guqqgroup/taoxia/xmvb-runs/all-optimizers-c2776c4/block_lbfgs/6442690_vb,0,block_lbfgs_projected_gradient_tolerance,davidson,precise integrals by Libcint,hao,cc-pvdz,8,8,1764,1,32,-380.050035966832,-380.394529739825,2.46931333e-05,9,3.167744,3.867668,1651648,0,0,0,,,0
67970_vb,block_lbfgs,c2776c4,/home/guqqgroup/taoxia/xmvb-runs/all-optimizers-c2776c4/block_lbfgs/67970_vb,0,block_lbfgs_projected_gradient_tolerance,davidson,precise integrals by Libcint,hao,cc-pvdz,9,10,1386,1,32,-441.813926845330,-442.247231392565,1.54225568e-04,10,2.391478,3.368996,2168460,0,0,0,,,0
68009_vb,block_lbfgs,c2776c4,/home/guqqgroup/taoxia/xmvb-runs/all-optimizers-c2776c4/block_lbfgs/68009_vb,0,block_lbfgs_projected_gradient_tolerance,davidson,precise integrals by Libcint,hao,cc-pvdz,9,10,1386,1,32,-441.808824683049,-442.247376642849,1.98062511e-04,10,2.044239,2.946526,2106096,0,0,0,,,0
69138_vb,block_lbfgs,c2776c4,/home/guqqgroup/taoxia/xmvb-runs/all-optimizers-c2776c4/block_lbfgs/69138_vb,0,block_lbfgs_projected_gradient_tolerance,davidson,precise integrals by Libcint,hao,cc-pvdz,8,10,1176,1,32,-399.092145288007,-399.579606687409,3.13854969e-04,41,9.540105,11.012993,3580568,0,0,0,,,0
69331_vb,block_lbfgs,c2776c4,/home/guqqgroup/taoxia/xmvb-runs/all-optimizers-c2776c4/block_lbfgs/69331_vb,0,block_lbfgs_projected_gradient_tolerance,davidson,precise integrals by Libcint,hao,cc-pvdz,7,8,490,1,32,-399.130263908364,-399.585364886421,2.85898827e-04,32,4.907207,6.241388,3448256,0,0,0,,,0
69333_vb,block_lbfgs,c2776c4,/home/guqqgroup/taoxia/xmvb-runs/all-optimizers-c2776c4/block_lbfgs/69333_vb,0,block_lbfgs_projected_gradient_tolerance,davidson,precise integrals by Libcint,hao,cc-pvdz,7,8,490,1,32,-399.095404676618,-399.540614881314,3.40115780e-04,43,5.378458,6.845809,3353076,0,0,0,,,0
6943_vb,block_lbfgs,c2776c4,/home/guqqgroup/taoxia/xmvb-runs/all-optimizers-c2776c4/block_lbfgs/6943_vb,0,block_lbfgs_projected_gradient_tolerance,davidson,precise integrals by Libcint,hao,cc-pvdz,7,8,490,1,32,-422.154731236096,-422.623180081335,3.20122553e-05,12,2.588819,4.906539,5736712,0,0,0,,,0
69560_vb,block_lbfgs,c2776c4,/home/guqqgroup/taoxia/xmvb-runs/all-optimizers-c2776c4/block_lbfgs/69560_vb,0,block_lbfgs_projected_gradient_tolerance,davidson,precise integrals by Libcint,hao,cc-pvdz,8,10,1176,1,32,-457.917138825970,-458.443353600175,2.38663532e-04,12,3.679295,5.449988,4349464,0,0,0,,,0
6997_vb,block_lbfgs,c2776c4,/home/guqqgroup/taoxia/xmvb-runs/all-optimizers-c2776c4/block_lbfgs/6997_vb,0,block_lbfgs_projected_gradient_tolerance,davidson,precise integrals by Libcint,hao,cc-pvdz,7,8,490,1,32,-383.186939978291,-383.603926924249,1.97917170e-04,16,2.654230,4.475678,4038020,0,0,0,,,0
7000_vb,block_lbfgs,c2776c4,/home/guqqgroup/taoxia/xmvb-runs/all-optimizers-c2776c4/block_lbfgs/7000_vb,0,block_lbfgs_projected_gradient_tolerance,davidson,precise integrals by Libcint,hao,cc-pvdz,8,10,1176,1,32,-399.092767071510,-399.577914227104,2.56954201e-04,34,6.656780,8.138840,3483960,0,0,0,,,0
7264_vb,block_lbfgs,c2776c4,/home/guqqgroup/taoxia/xmvb-runs/all-optimizers-c2776c4/block_lbfgs/7264_vb,0,block_lbfgs_projected_gradient_tolerance,davidson,precise integrals by Libcint,hao,cc-pvdz,8,10,1176,1,32,-399.084281735990,-399.595017305990,2.31444758e-04,33,8.288789,9.753445,3401276,0,0,0,,,0
7502_vb,block_lbfgs,c2776c4,/home/guqqgroup/taoxia/xmvb-runs/all-optimizers-c2776c4/block_lbfgs/7502_vb,0,block_lbfgs_projected_gradient_tolerance,davidson,precise integrals by Libcint,hao,cc-pvdz,8,8,1764,1,32,-323.228700047824,-323.601220699816,5.52129624e-05,9,3.397956,4.350984,2027760,0,0,0,,,0
76082_vb,block_lbfgs,c2776c4,/home/guqqgroup/taoxia/xmvb-runs/all-optimizers-c2776c4/block_lbfgs/76082_vb,0,block_lbfgs_projected_gradient_tolerance,davidson,precise integrals by Libcint,hao,cc-pvdz,7,8,490,1,32,-399.114846981422,-399.591314212326,1.23801591e-04,16,2.487486,3.923912,3434692,0,0,0,,,0
7675_vb,block_lbfgs,c2776c4,/home/guqqgroup/taoxia/xmvb-runs/all-optimizers-c2776c4/block_lbfgs/7675_vb,0,block_lbfgs_projected_gradient_tolerance,davidson,precise integrals by Libcint,hao,cc-pvdz,6,6,175,1,32,-399.220901454972,-399.588367917574,1.60693916e-04,11,1.632134,2.972597,3602204,0,0,0,,,0
7725_vb,block_lbfgs,c2776c4,/home/guqqgroup/taoxia/xmvb-runs/all-optimizers-c2776c4/block_lbfgs/7725_vb,0,block_lbfgs_projected_gradient_tolerance,davidson,precise integrals by Libcint,hao,cc-pvdz,8,8,1764,1,32,-382.022412356056,-382.467973854283,2.24498908e-04,9,3.118511,4.327493,2967932,0,0,0,,,0
7732_vb,block_lbfgs,c2776c4,/home/guqqgroup/taoxia/xmvb-runs/all-optimizers-c2776c4/block_lbfgs/7732_vb,0,block_lbfgs_projected_gradient_tolerance,davidson,precise integrals by Libcint,hao,cc-pvdz,8,10,1176,1,32,-399.091980388290,-399.571612009888,1.40816475e-04,13,3.591432,4.947479,3025748,0,0,0,,,0
77417_vb,block_lbfgs,c2776c4,/home/guqqgroup/taoxia/xmvb-runs/all-optimizers-c2776c4/block_lbfgs/77417_vb,0,block_lbfgs_projected_gradient_tolerance,davidson,precise integrals by Libcint,hao,cc-pvdz,6,6,175,1,32,-581.821653835859,-582.249448697396,7.30064632e-05,9,1.192006,2.197560,2578200,0,0,0,,,0
77462_vb,block_lbfgs,c2776c4,/home/guqqgroup/taoxia/xmvb-runs/all-optimizers-c2776c4/block_lbfgs/77462_vb,0,block_lbfgs_projected_gradient_tolerance,davidson,precise integrals by Libcint,hao,cc-pvdz,7,8,490,1,32,-422.127429159947,-422.625083838820,1.99693055e-04,16,3.775225,6.434802,5702448,0,0,0,,,0
7771_vb,block_lbfgs,c2776c4,/home/guqqgroup/taoxia/xmvb-runs/all-optimizers-c2776c4/block_lbfgs/7771_vb,0,block_lbfgs_projected_gradient_tolerance,davidson,precise integrals by Libcint,hao,cc-pvdz,7,8,490,1,32,-383.155848137355,-383.604347432860,4.97200847e-05,12,1.818442,3.381699,3467660,0,0,0,,,0
7948_vb,block_lbfgs,c2776c4,/home/guqqgroup/taoxia/xmvb-runs/all-optimizers-c2776c4/block_lbfgs/7948_vb,0,block_lbfgs_projected_gradient_tolerance,davidson,precise integrals by Libcint,hao,cc-pvdz,7,8,490,1,32,-383.137620764683,-383.605700480794,2.01532068e-04,16,2.068359,3.569693,3735960,0,0,0,,,0
7963_vb,block_lbfgs,c2776c4,/home/guqqgroup/taoxia/xmvb-runs/all-optimizers-c2776c4/block_lbfgs/7963_vb,0,block_lbfgs_projected_gradient_tolerance,davidson,precise integrals by Libcint,hao,cc-pvdz,6,6,175,1,32,-285.451536436393,-285.731743347459,4.89326688e-05,13,0.983667,1.636420,1803036,0,0,0,,,0
7975_vb,block_lbfgs,c2776c4,/home/guqqgroup/taoxia/xmvb-runs/all-optimizers-c2776c4/block_lbfgs/7975_vb,0,block_lbfgs_projected_gradient_tolerance,davidson,precise integrals by Libcint,hao,cc-pvdz,6,6,175,1,32,-285.460991483501,-285.733616930364,3.60931072e-05,9,0.706442,1.315110,1637112,0,0,0,,,0
84499_vb,block_lbfgs,c2776c4,/home/guqqgroup/taoxia/xmvb-runs/all-optimizers-c2776c4/block_lbfgs/84499_vb,0,block_lbfgs_projected_gradient_tolerance,davidson,precise integrals by Libcint,hao,cc-pvdz,7,8,490,1,32,-399.228345111923,-399.593134564207,4.01091449e-05,13,1.837002,3.152035,2947688,0,0,0,,,0
90919_vb,block_lbfgs,c2776c4,/home/guqqgroup/taoxia/xmvb-runs/all-optimizers-c2776c4/block_lbfgs/90919_vb,0,block_lbfgs_projected_gradient_tolerance,davidson,precise integrals by Libcint,hao,cc-pvdz,6,6,175,1,32,-399.210121198948,-399.587065700619,8.62542595e-05,14,2.047722,3.420346,3629028,0,0,0,,,0
C6H6,block_lbfgs,c2776c4,/home/guqqgroup/taoxia/xmvb-runs/all-optimizers-c2776c4/block_lbfgs/C6H6,0,block_lbfgs_projected_gradient_tolerance,davidson,precise integrals by Libcint,hao,cc-pvdz,6,6,5,1,32,-230.529310085585,-230.634508532131,1.08107894e-05,8,0.653114,1.402631,676184,0,0,0,,,0
C6H6.full,block_lbfgs,c2776c4,/home/guqqgroup/taoxia/xmvb-runs/all-optimizers-c2776c4/block_lbfgs/C6H6.full,0,block_lbfgs_projected_gradient_tolerance,davidson,precise integrals by Libcint,hao,cc-pvdz,6,6,175,1,32,-230.596014218311,-230.777284307624,1.50400570e-05,8,0.724578,1.518454,663648,0,0,0,,,0
F2,block_lbfgs,c2776c4,/home/guqqgroup/taoxia/xmvb-runs/all-optimizers-c2776c4/block_lbfgs/F2,0,block_lbfgs_projected_gradient_tolerance,davidson,precise integrals by Libcint,hao,cc-pvdz,2,2,3,1,32,-198.488373554644,-198.751155821400,3.64565598e-04,8,0.040189,0.068517,51200,0,0,0,,,0
F2_OEO,block_lbfgs,c2776c4,/home/guqqgroup/taoxia/xmvb-runs/all-optimizers-c2776c4/block_lbfgs/F2_OEO,0,block_lbfgs_projected_gradient_tolerance,davidson,precise integrals by Libcint,oeo,cc-pvdz,2,2,3,1,32,-198.689396631575,-198.689799990180,6.87032562e-05,17,0.113023,0.141804,69632,0,0,0,,,0
F2_OEO_PYSCF_LOW,block_lbfgs,c2776c4,/home/guqqgroup/taoxia/xmvb-runs/all-optimizers-c2776c4/block_lbfgs/F2_OEO_PYSCF_LOW,0,block_lbfgs_projected_gradient_tolerance,davidson,precise integrals by Libcint,oeo,cc-pvdz,2,2,3,1,32,-198.742949879110,-198.761111495760,2.73920694e-04,15,0.111419,0.142161,67584,0,0,0,,,0
F2_SA2,block_lbfgs,c2776c4,/home/guqqgroup/taoxia/xmvb-runs/all-optimizers-c2776c4/block_lbfgs/F2_SA2,0,block_lbfgs_projected_gradient_tolerance,davidson,precise integrals by Libcint,hao,cc-pvdz,2,2,3,2,32,-198.181011270381,-198.335601330762,2.77507842e-04,8,0.040251,0.071321,51200,0,0,0,,,0
FeCl2,block_lbfgs,c2776c4,/home/guqqgroup/taoxia/xmvb-runs/all-optimizers-c2776c4/block_lbfgs/FeCl2,0,block_lbfgs_projected_gradient_tolerance,davidson,precise integrals by Libcint,oeo,def2-tzvp,8,10,420,1,32,-2181.617631911332,-2181.617634611963,7.10743422e-04,12,6.691518,7.069059,437268,0,0,0,,,0
MnF2,block_lbfgs,c2776c4,/home/guqqgroup/taoxia/xmvb-runs/all-optimizers-c2776c4/block_lbfgs/MnF2,0,block_lbfgs_projected_gradient_tolerance,davidson,precise integrals by Libcint,hao,def2-tzvp,8,9,216,1,32,-1348.299951587446,-1348.893352786664,9.46445549e-04,104,7.684164,7.983550,559108,0,0,0,,,0
csd_BALRIR_vb,block_lbfgs,c2776c4,/home/guqqgroup/taoxia/xmvb-runs/all-optimizers-c2776c4/block_lbfgs/csd_BALRIR_vb,0,block_lbfgs_projected_gradient_tolerance,davidson,precise integrals by Libcint,hao,cc-pvdz,9,10,1386,1,32,-467.559970337148,-468.152859998669,6.55958424e-05,12,3.016666,4.433890,2030400,0,0,0,,,0
csd_BETHAZ01_vb,block_lbfgs,c2776c4,/home/guqqgroup/taoxia/xmvb-runs/all-optimizers-c2776c4/block_lbfgs/csd_BETHAZ01_vb,0,block_lbfgs_projected_gradient_tolerance,davidson,precise integrals by Libcint,hao,cc-pvdz,9,10,1386,1,32,-735.433663208243,-735.887741025967,1.28923267e-04,16,3.362691,4.383540,1938128,0,0,0,,,0
csd_BETKOB_vb,block_lbfgs,c2776c4,/home/guqqgroup/taoxia/xmvb-runs/all-optimizers-c2776c4/block_lbfgs/csd_BETKOB_vb,0,block_lbfgs_projected_gradient_tolerance,davidson,precise integrals by Libcint,hao,cc-pvdz,10,12,4830,1,32,-1132.959155546258,-1133.414228956862,1.48250892e-04,18,10.382642,12.107579,2654948,0,0,0,,,0
csd_BIBYAP_vb,block_lbfgs,c2776c4,/home/guqqgroup/taoxia/xmvb-runs/all-optimizers-c2776c4/block_lbfgs/csd_BIBYAP_vb,0,block_lbfgs_projected_gradient_tolerance,davidson,precise integrals by Libcint,hao,cc-pvdz,6,6,175,1,32,-386.385880190476,-386.802501922651,1.36200330e-04,14,3.551240,6.465987,6337240,0,0,0,,,0
csd_BIPXEG_vb,block_lbfgs,c2776c4,/home/guqqgroup/taoxia/xmvb-runs/all-optimizers-c2776c4/block_lbfgs/csd_BIPXEG_vb,0,block_lbfgs_projected_gradient_tolerance,davidson,precise integrals by Libcint,hao,cc-pvdz,8,8,1764,1,32,-794.220400548124,-794.755243589849,1.00180724e-04,11,3.689761,4.865486,2063816,0,0,0,,,0
csd_BIQJUJ_vb,block_lbfgs,c2776c4,/home/guqqgroup/taoxia/xmvb-runs/all-optimizers-c2776c4/block_lbfgs/csd_BIQJUJ_vb,0,block_lbfgs_projected_gradient_tolerance,davidson,precise integrals by Libcint,hao,cc-pvdz,14,14,429,1,32,-534.375108246946,-535.684065544974,6.15879570e-05,12,2694.476612,2697.551803,6740252,0,0,0,,,0
csd_BIZNOP_vb,block_lbfgs,c2776c4,/home/guqqgroup/taoxia/xmvb-runs/all-optimizers-c2776c4/block_lbfgs/csd_BIZNOP_vb,0,block_lbfgs_projected_gradient_tolerance,davidson,precise integrals by Libcint,hao,cc-pvdz,10,12,4830,1,32,-519.463746610932,-519.989749766178,2.09184925e-05,12,5.450565,6.194262,1607144,0,0,0,,,0
csd_BONKIA_vb,block_lbfgs,c2776c4,/home/guqqgroup/taoxia/xmvb-runs/all-optimizers-c2776c4/block_lbfgs/csd_BONKIA_vb,0,block_lbfgs_projected_gradient_tolerance,davidson,precise integrals by Libcint,hao,cc-pvdz,10,12,4830,1,32,-483.631444213768,-484.213707873728,3.49409653e-04,11,6.123018,7.272974,2296324,0,0,0,,,0
csd_BOQLIC_vb,block_lbfgs,c2776c4,/home/guqqgroup/taoxia/xmvb-runs/all-optimizers-c2776c4/block_lbfgs/csd_BOQLIC_vb,0,block_lbfgs_projected_gradient_tolerance,davidson,precise integrals by Libcint,hao,cc-pvdz,10,12,4830,1,32,-463.800998109602,-464.409442663886,5.26077918e-05,13,5.715359,6.688372,1910276,0,0,0,,,0
csd_BOVTAJ_vb,block_lbfgs,c2776c4,/home/guqqgroup/taoxia/xmvb-runs/all-optimizers-c2776c4/block_lbfgs/csd_BOVTAJ_vb,0,block_lbfgs_projected_gradient_tolerance,davidson,precise integrals by Libcint,hao,cc-pvdz,10,12,4830,1,32,-415.710415867900,-416.441244022810,1.58666235e-04,13,7.651986,8.985155,2546856,0,0,0,,,0
csd_BUCKEQ_vb,block_lbfgs,c2776c4,/home/guqqgroup/taoxia/xmvb-runs/all-optimizers-c2776c4/block_lbfgs/csd_BUCKEQ_vb,0,block_lbfgs_projected_gradient_tolerance,davidson,precise integrals by Libcint,hao,cc-pvdz,10,12,4830,1,32,-1098.668402839922,-1100.160182558591,1.01737608e-04,28,14.583566,16.183264,2456220,0,0,0,,,0
csd_BUDKUH_vb,block_lbfgs,c2776c4,/home/guqqgroup/taoxia/xmvb-runs/all-optimizers-c2776c4/block_lbfgs/csd_BUDKUH_vb,0,block_lbfgs_projected_gradient_tolerance,davidson,precise integrals by Libcint,hao,cc-pvdz,10,10,1302,1,32,-415.911498160509,-416.443509358575,3.52113301e-05,10,7.300075,8.704543,2898884,0,0,0,,,0
csd_BUPTOP_vb,block_lbfgs,c2776c4,/home/guqqgroup/taoxia/xmvb-runs/all-optimizers-c2776c4/block_lbfgs/csd_BUPTOP_vb,0,block_lbfgs_projected_gradient_tolerance,davidson,precise integrals by Libcint,hao,cc-pvdz,8,10,1176,1,32,-1024.189421338385,-1024.541953013240,2.37763688e-04,18,3.749560,5.069543,1559776,0,0,0,,,0
csd_BZDMAZ13_vb,block_lbfgs,c2776c4,/home/guqqgroup/taoxia/xmvb-runs/all-optimizers-c2776c4/block_lbfgs/csd_BZDMAZ13_vb,0,block_lbfgs_projected_gradient_tolerance,davidson,precise integrals by Libcint,hao,cc-pvdz,9,10,1386,1,32,-376.916730743676,-377.432544202228,8.82375353e-05,11,2.558149,3.491526,1848268,0,0,0,,,0
csd_CACTAD02_vb,block_lbfgs,c2776c4,/home/guqqgroup/taoxia/xmvb-runs/all-optimizers-c2776c4/block_lbfgs/csd_CACTAD02_vb,0,block_lbfgs_projected_gradient_tolerance,davidson,precise integrals by Libcint,hao,cc-pvdz,9,10,1386,1,32,-392.978910815878,-393.385795230331,5.55789438e-05,11,2.520980,3.577871,2090256,0,0,0,,,0
csd_CAKNOU_vb,block_lbfgs,c2776c4,/home/guqqgroup/taoxia/xmvb-runs/all-optimizers-c2776c4/block_lbfgs/csd_CAKNOU_vb,0,block_lbfgs_projected_gradient_tolerance,davidson,precise integrals by Libcint,hao,cc-pvdz,9,10,1386,1,32,-392.945997079680,-393.414940943072,6.69198130e-05,11,1.755293,2.436898,1601228,0,0,0,,,0
csd_CAKRUB11_vb,block_lbfgs,c2776c4,/home/guqqgroup/taoxia/xmvb-runs/all-optimizers-c2776c4/block_lbfgs/csd_CAKRUB11_vb,0,block_lbfgs_projected_gradient_tolerance,davidson,precise integrals by Libcint,hao,cc-pvdz,10,10,1302,1,32,-382.686147488969,-383.319957020463,3.83067137e-05,10,5.501227,6.679889,2591596,0,0,0,,,0
csd_CBITAZ_vb,block_lbfgs,c2776c4,/home/guqqgroup/taoxia/xmvb-runs/all-optimizers-c2776c4/block_lbfgs/csd_CBITAZ_vb,0,block_lbfgs_projected_gradient_tolerance,davidson,precise integrals by Libcint,hao,cc-pvdz,10,12,4830,1,32,-1178.284439229488,-1178.812295276175,1.88847635e-04,26,10.309027,11.523050,1993780,0,0,0,,,0
csd_CEGSAK_vb,block_lbfgs,c2776c4,/home/guqqgroup/taoxia/xmvb-runs/all-optimizers-c2776c4/block_lbfgs/csd_CEGSAK_vb,0,block_lbfgs_projected_gradient_tolerance,davidson,precise integrals by Libcint,hao,cc-pvdz,9,10,1386,1,32,-396.749700411743,-397.214512574126,1.43796424e-04,12,3.210925,4.230303,2065632,0,0,0,,,0
csd_CERRAS_vb,block_lbfgs,c2776c4,/home/guqqgroup/taoxia/xmvb-runs/all-optimizers-c2776c4/block_lbfgs/csd_CERRAS_vb,0,block_lbfgs_projected_gradient_tolerance,davidson,precise integrals by Libcint,hao,cc-pvdz,11,12,462,1,32,-396.560955564224,-397.093434984168,2.61017280e-04,25,42.469308,43.416576,2077512,0,0,0,,,0
csd_CIKCIJ_vb,block_lbfgs,c2776c4,/home/guqqgroup/taoxia/xmvb-runs/all-optimizers-c2776c4/block_lbfgs/csd_CIKCIJ_vb,0,block_lbfgs_projected_gradient_tolerance,davidson,precise integrals by Libcint,hao,cc-pvdz,8,8,1764,1,32,-810.237991078839,-810.740847456635,1.20459607e-04,11,4.621965,6.221119,2076168,0,0,0,,,0
csd_CIPSIG_vb,block_lbfgs,c2776c4,/home/guqqgroup/taoxia/xmvb-runs/all-optimizers-c2776c4/block_lbfgs/csd_CIPSIG_vb,0,block_lbfgs_projected_gradient_tolerance,davidson,precise integrals by Libcint,hao,cc-pvdz,10,12,4830,1,32,-851.790867388906,-852.319797920448,1.18288162e-04,22,12.658933,14.205851,2439384,0,0,0,,,0
csd_CISGIW_vb,block_lbfgs,c2776c4,/home/guqqgroup/taoxia/xmvb-runs/all-optimizers-c2776c4/block_lbfgs/csd_CISGIW_vb,0,block_lbfgs_projected_gradient_tolerance,davidson,precise integrals by Libcint,hao,cc-pvdz,10,12,4830,1,32,-819.761158240213,-820.344670151519,2.51099684e-04,22,12.350644,13.644307,2556832,0,0,0,,,0
csd_CMBTDZ_vb,block_lbfgs,c2776c4,/home/guqqgroup/taoxia/xmvb-runs/all-optimizers-c2776c4/block_lbfgs/csd_CMBTDZ_vb,0,block_lbfgs_projected_gradient_tolerance,davidson,precise integrals by Libcint,hao,cc-pvdz,10,12,4830,1,32,-1194.300414195986,-1194.784646508449,2.43871471e-04,28,16.297842,17.788971,2637132,0,0,0,,,0
csd_CONYAH_vb,block_lbfgs,c2776c4,/home/guqqgroup/taoxia/xmvb-runs/all-optimizers-c2776c4/block_lbfgs/csd_CONYAH_vb,0,block_lbfgs_projected_gradient_tolerance,davidson,precise integrals by Libcint,hao,cc-pvdz,8,8,1764,1,32,-343.008050861649,-343.417822691237,1.45093263e-04,9,2.743215,3.425260,1779672,0,0,0,,,0
csd_CORJOK_vb,block_lbfgs,c2776c4,/home/guqqgroup/taoxia/xmvb-runs/all-optimizers-c2776c4/block_lbfgs/csd_CORJOK_vb,0,block_lbfgs_projected_gradient_tolerance,davidson,precise integrals by Libcint,hao,cc-pvdz,10,12,4830,1,32,-451.657616961149,-452.248822156489,9.52580617e-05,13,5.791953,6.824528,2038424,0,0,0,,,0
csd_COTJAZ_vb,block_lbfgs,c2776c4,/home/guqqgroup/taoxia/xmvb-runs/all-optimizers-c2776c4/block_lbfgs/csd_COTJAZ_vb,0,block_lbfgs_projected_gradient_tolerance,davidson,precise integrals by Libcint,hao,cc-pvdz,10,12,4830,1,32,-822.451789782399,-822.850707184839,1.89723803e-04,19,8.873090,9.955597,1790048,0,0,0,,,0
csd_DAMDAZ_vb,block_lbfgs,c2776c4,/home/guqqgroup/taoxia/xmvb-runs/all-optimizers-c2776c4/block_lbfgs/csd_DAMDAZ_vb,0,block_lbfgs_projected_gradient_tolerance,davidson,precise integrals by Libcint,hao,cc-pvdz,9,10,1386,1,32,-408.988237901081,-409.382441496464,1.74848419e-04,10,2.234216,3.076074,1592240,0,0,0,,,0
csd_DATTEZ_vb,block_lbfgs,c2776c4,/home/guqqgroup/taoxia/xmvb-runs/all-optimizers-c2776c4/block_lbfgs/csd_DATTEZ_vb,,,,precise integrals by Libcint,hao,cc-pvdz,16,16,1430,1,,,,,,,,,,,,,,
csd_DATTID_vb,block_lbfgs,c2776c4,/home/guqqgroup/taoxia/xmvb-runs/all-optimizers-c2776c4/block_lbfgs/csd_DATTID_vb,,,,precise integrals by Libcint,hao,cc-pvdz,16,16,1430,1,,,,,,,,,,,,,,
csd_DAZNAQ_vb,block_lbfgs,c2776c4,/home/guqqgroup/taoxia/xmvb-runs/all-optimizers-c2776c4/block_lbfgs/csd_DAZNAQ_vb,0,block_lbfgs_projected_gradient_tolerance,davidson,precise integrals by Libcint,hao,cc-pvdz,10,10,1302,1,32,-414.736822032256,-415.287035122955,4.41442027e-05,10,6.119179,7.216662,2426156,0,0,0,,,0
csd_DAZNAR_vb,block_lbfgs,c2776c4,/home/guqqgroup/taoxia/xmvb-runs/all-optimizers-c2776c4/block_lbfgs/csd_DAZNAR_vb,0,block_lbfgs_projected_gradient_tolerance,davidson,precise integrals by Libcint,hao,cc-pvdz,10,10,1302,1,32,-414.731987273893,-415.291827395975,4.57841203e-05,10,6.296603,7.476054,2137276,0,0,0,,,0
csd_DEXRIH_vb,block_lbfgs,c2776c4,/home/guqqgroup/taoxia/xmvb-runs/all-optimizers-c2776c4/block_lbfgs/csd_DEXRIH_vb,0,block_lbfgs_projected_gradient_tolerance,davidson,precise integrals by Libcint,hao,cc-pvdz,6,6,175,1,32,-402.363888667043,-402.799286329177,1.46700959e-04,13,2.851044,5.125327,5951516,0,0,0,,,0
csd_DIOXAZ10_vb,block_lbfgs,c2776c4,/home/guqqgroup/taoxia/xmvb-runs/all-optimizers-c2776c4/block_lbfgs/csd_DIOXAZ10_vb,0,block_lbfgs_projected_gradient_tolerance,davidson,precise integrals by Libcint,hao,cc-pvdz,10,12,4830,1,32,-487.486756987749,-487.997469579630,1.13419798e-04,14,11.440677,12.305518,1828680,0,0,0,,,0
csd_DIYWUE_vb,block_lbfgs,c2776c4,/home/guqqgroup/taoxia/xmvb-runs/all-optimizers-c2776c4/block_lbfgs/csd_DIYWUE_vb,0,block_lbfgs_projected_gradient_tolerance,davidson,precise integrals by Libcint,hao,cc-pvdz,10,12,4830,1,32,-867.813843606622,-868.308773127627,1.75472746e-04,21,11.635709,13.291768,2223660,0,0,0,,,0
csd_DOTKEE_vb,block_lbfgs,c2776c4,/home/guqqgroup/taoxia/xmvb-runs/all-optimizers-c2776c4/block_lbfgs/csd_DOTKEE_vb,0,block_lbfgs_projected_gradient_tolerance,davidson,precise integrals by Libcint,hao,cc-pvdz,10,12,4830,1,32,-1076.701668051682,-1077.190364654454,1.66035810e-04,21,9.267928,10.782467,2615944,0,0,0,,,0
csd_DOZLEL_vb,block_lbfgs,c2776c4,/home/guqqgroup/taoxia/xmvb-runs/all-optimizers-c2776c4/block_lbfgs/csd_DOZLEL_vb,0,block_lbfgs_projected_gradient_tolerance,davidson,precise integrals by Libcint,hao,cc-pvdz,10,12,4830,1,32,-851.833251314481,-852.302818255997,1.67542707e-04,21,11.711278,13.085509,2574536,0,0,0,,,0
csd_DUDFUF_vb,block_lbfgs,c2776c4,/home/guqqgroup/taoxia/xmvb-runs/all-optimizers-c2776c4/block_lbfgs/csd_DUDFUF_vb,0,block_lbfgs_projected_gradient_tolerance,davidson,precise integrals by Libcint,hao,cc-pvdz,10,12,4830,1,32,-774.413002272755,-774.913122017507,1.16152732e-04,18,7.773592,9.015522,2695192,0,0,0,,,0
csd_ESABEF_vb,block_lbfgs,c2776c4,/home/guqqgroup/taoxia/xmvb-runs/all-optimizers-c2776c4/block_lbfgs/csd_ESABEF_vb,0,block_lbfgs_projected_gradient_tolerance,davidson,precise integrals by Libcint,hao,cc-pvdz,10,12,4830,1,32,-463.812840800072,-464.431144669654,7.30016984e-05,12,5.388167,6.338244,1911340,0,0,0,,,0
csd_FAJVIV_vb,block_lbfgs,c2776c4,/home/guqqgroup/taoxia/xmvb-runs/all-optimizers-c2776c4/block_lbfgs/csd_FAJVIV_vb,0,block_lbfgs_projected_gradient_tolerance,davidson,precise integrals by Libcint,hao,cc-pvdz,9,10,1386,1,32,-397.961809766717,-398.418103091059,5.03451144e-05,11,2.439293,3.395074,1972940,0,0,0,,,0
csd_FAPZOO_vb,block_lbfgs,c2776c4,/home/guqqgroup/taoxia/xmvb-runs/all-optimizers-c2776c4/block_lbfgs/csd_FAPZOO_vb,0,block_lbfgs_projected_gradient_tolerance,davidson,precise integrals by Libcint,hao,cc-pvdz,10,12,4830,1,32,-511.788649994468,-512.312112757171,4.28969756e-05,11,4.869529,5.704395,1662556,0,0,0,,,0
csd_FEDBOF_vb,block_lbfgs,c2776c4,/home/guqqgroup/taoxia/xmvb-runs/all-optimizers-c2776c4/block_lbfgs/csd_FEDBOF_vb,0,block_lbfgs_projected_gradient_tolerance,davidson,precise integrals by Libcint,hao,cc-pvdz,10,12,4830,1,32,-447.823846359264,-448.435280270770,6.19835558e-05,13,7.831374,9.095205,2126148,0,0,0,,,0
csd_FERGAM_vb,block_lbfgs,c2776c4,/home/guqqgroup/taoxia/xmvb-runs/all-optimizers-c2776c4/block_lbfgs/csd_FERGAM_vb,0,block_lbfgs_projected_gradient_tolerance,davidson,precise integrals by Libcint,hao,cc-pvdz,10,12,4830,1,32,-1100.908556162892,-1101.429035874553,1.06047521e-04,23,13.326035,15.964251,3850308,0,0,0,,,0
csd_FICPUD01_vb,block_lbfgs,c2776c4,/home/guqqgroup/taoxia/xmvb-runs/all-optimizers-c2776c4/block_lbfgs/csd_FICPUD01_vb,0,block_lbfgs_projected_gradient_tolerance,davidson,precise integrals by Libcint,hao,cc-pvdz,8,8,1764,1,32,-451.670664024396,-452.240399354336,3.17344689e-04,22,9.171450,10.894262,3658464,0,0,0,,,0
csd_FIQTIK_vb,block_lbfgs,c2776c4,/home/guqqgroup/taoxia/xmvb-runs/all-optimizers-c2776c4/block_lbfgs/csd_FIQTIK_vb,0,block_lbfgs_projected_gradient_tolerance,davidson,precise integrals by Libcint,hao,cc-pvdz,9,10,1386,1,32,-408.936023337694,-409.357926198978,5.10551979e-05,11,1.933916,2.763661,1835564,0,0,0,,,0
csd_FOFBAD_vb,block_lbfgs,c2776c4,/home/guqqgroup/taoxia/xmvb-runs/all-optimizers-c2776c4/block_lbfgs/csd_FOFBAD_vb,0,block_lbfgs_projected_gradient_tolerance,davidson,precise integrals by Libcint,hao,cc-pvdz,7,8,490,1,32,-285.401600665881,-285.732593715334,2.78071183e-04,32,2.021820,2.687226,1652660,0,0,0,,,0
csd_GAPQAR_vb,block_lbfgs,c2776c4,/home/guqqgroup/taoxia/xmvb-runs/all-optimizers-c2776c4/block_lbfgs/csd_GAPQAR_vb,0,block_lbfgs_projected_gradient_tolerance,davidson,precise integrals by Libcint,hao,cc-pvdz,9,10,1386,1,32,-452.837776000790,-453.424553261632,4.25836649e-04,48,11.577400,13.467915,4109628,0,0,0,,,0
csd_GEMYIG_vb,block_lbfgs,c2776c4,/home/guqqgroup/taoxia/xmvb-runs/all-optimizers-c2776c4/block_lbfgs/csd_GEMYIG_vb,0,block_lbfgs_projected_gradient_tolerance,davidson,precise integrals by Libcint,hao,cc-pvdz,9,10,1386,1,32,-472.602740864431,-473.205926302042,6.59395985e-05,12,2.862957,4.259118,3260508,0,0,0,,,0
csd_GETGIY_vb,block_lbfgs,c2776c4,/home/guqqgroup/taoxia/xmvb-runs/all-optimizers-c2776c4/block_lbfgs/csd_GETGIY_vb,0,block_lbfgs_projected_gradient_tolerance,davidson,precise integrals by Libcint,hao,cc-pvdz,10,12,4830,1,32,-451.682455479622,-452.273312046278,4.60874558e-04,11,6.863139,7.911970,2075240,0,0,0,,,0
csd_GIZQUD_vb,block_lbfgs,c2776c4,/home/guqqgroup/taoxia/xmvb-runs/all-optimizers-c2776c4/block_lbfgs/csd_GIZQUD_vb,0,block_lbfgs_projected_gradient_tolerance,davidson,precise integrals by Libcint,hao,cc-pvdz,10,12,4830,1,32,-819.760481113573,-820.344753403563,2.46391597e-04,22,13.437721,15.009717,2913752,0,0,0,,,0
csd_GONMUR_vb,block_lbfgs,c2776c4,/home/guqqgroup/taoxia/xmvb-runs/all-optimizers-c2776c4/block_lbfgs/csd_GONMUR_vb,0,block_lbfgs_projected_gradient_tolerance,davidson,precise integrals by Libcint,hao,cc-pvdz,9,10,1386,1,32,-396.778657942625,-397.237025409204,8.88250486e-05,12,2.610760,3.570483,2003868,0,0,0,,,0
csd_HAKLAI_vb,block_lbfgs,c2776c4,/home/guqqgroup/taoxia/xmvb-runs/all-optimizers-c2776c4/block_lbfgs/csd_HAKLAI_vb,0,block_lbfgs_projected_gradient_tolerance,davidson,precise integrals by Libcint,hao,cc-pvdz,10,10,1302,1,32,-418.513910999347,-419.001782981310,6.07346004e-05,10,5.863217,6.744210,1951972,0,0,0,,,0
csd_HEBWOD_vb,block_lbfgs,c2776c4,/home/guqqgroup/taoxia/xmvb-runs/all-optimizers-c2776c4/block_lbfgs/csd_HEBWOD_vb,0,block_lbfgs_projected_gradient_tolerance,davidson,precise integrals by Libcint,hao,cc-pvdz,10,12,4830,1,32,-1100.953635702509,-1101.427560074818,1.81327736e-04,18,8.197765,9.733892,2837220,0,0,0,,,0
csd_HESRAZ_vb,block_lbfgs,c2776c4,/home/guqqgroup/taoxia/xmvb-runs/all-optimizers-c2776c4/block_lbfgs/csd_HESRAZ_vb,0,block_lbfgs_projected_gradient_tolerance,davidson,precise integrals by Libcint,hao,cc-pvdz,9,10,1386,1,32,-417.796192519919,-418.247878407017,6.22752422e-05,11,2.323075,3.345007,2144664,0,0,0,,,0
csd_HEVLID_vb,block_lbfgs,c2776c4,/home/guqqgroup/taoxia/xmvb-runs/all-optimizers-c2776c4/block_lbfgs/csd_HEVLID_vb,0,block_lbfgs_projected_gradient_tolerance,davidson,precise integrals by Libcint,hao,cc-pvdz,9,10,1386,1,32,-360.969858485990,-361.420291140947,4.28457805e-05,12,2.257091,3.235327,2425160,0,0,0,,,0
csd_HEXMOP_vb,block_lbfgs,c2776c4,/home/guqqgroup/taoxia/xmvb-runs/all-optimizers-c2776c4/block_lbfgs/csd_HEXMOP_vb,0,block_lbfgs_projected_gradient_tolerance,davidson,precise integrals by Libcint,hao,cc-pvdz,10,12,4830,1,32,-867.681491278146,-868.275320425300,1.70933680e-04,21,9.675638,10.972316,2035108,0,0,0,,,0
csd_HEXMUV_vb,block_lbfgs,c2776c4,/home/guqqgroup/taoxia/xmvb-runs/all-optimizers-c2776c4/block_lbfgs/csd_HEXMUV_vb,0,block_lbfgs_projected_gradient_tolerance,davidson,precise integrals by Libcint,hao,cc-pvdz,10,12,4830,1,32,-483.696746439119,-484.230976392701,2.90209941e-04,11,6.699733,7.982372,1742148,0,0,0,,,0
csd_HEXNIK_vb,block_lbfgs,c2776c4,/home/guqqgroup/taoxia/xmvb-runs/all-optimizers-c2776c4/block_lbfgs/csd_HEXNIK_vb,0,block_lbfgs_projected_gradient_tolerance,davidson,precise integrals by Libcint,hao,cc-pvdz,10,12,4830,1,32,-867.706760011349,-868.269296944142,1.37903853e-04,23,14.213827,15.527102,2060396,0,0,0,,,0
csd_HIMRIH_vb,block_lbfgs,c2776c4,/home/guqqgroup/taoxia/xmvb-runs/all-optimizers-c2776c4/block_lbfgs/csd_HIMRIH_vb,0,block_lbfgs_projected_gradient_tolerance,davidson,precise integrals by Libcint,hao,cc-pvdz,10,14,3570,1,32,-1973.922228693175,-1974.292356265810,8.21255954e-05,30,80.511225,82.196669,1899028,0,0,0,,,0
csd_HIRJIC_vb,block_lbfgs,c2776c4,/home/guqqgroup/taoxia/xmvb-runs/all-optimizers-c2776c4/block_lbfgs/csd_HIRJIC_vb,0,block_lbfgs_projected_gradient_tolerance,davidson,precise integrals by Libcint,hao,cc-pvdz,10,12,4830,1,32,-463.811205271790,-464.418297568629,6.81989297e-05,14,6.056978,7.072773,2012844,0,0,0,,,0
csd_HIZYUM_vb,block_lbfgs,c2776c4,/home/guqqgroup/taoxia/xmvb-runs/all-optimizers-c2776c4/block_lbfgs/csd_HIZYUM_vb,0,block_lbfgs_projected_gradient_tolerance,davidson,precise integrals by Libcint,hao,cc-pvdz,9,10,1386,1,32,-392.987777199488,-393.402006030922,1.99904559e-04,10,2.284447,3.256008,2015140,0,0,0,,,0
csd_HIZZEX_vb,block_lbfgs,c2776c4,/home/guqqgroup/taoxia/xmvb-runs/all-optimizers-c2776c4/block_lbfgs/csd_HIZZEX_vb,0,block_lbfgs_projected_gradient_tolerance,davidson,precise integrals by Libcint,hao,cc-pvdz,9,10,1386,1,32,-392.937820504657,-393.413984809863,4.85701415e-05,11,1.779065,2.468388,1616392,0,0,0,,,0
csd_HOGPAX_vb,block_lbfgs,c2776c4,/home/guqqgroup/taoxia/xmvb-runs/all-optimizers-c2776c4/block_lbfgs/csd_HOGPAX_vb,0,block_lbfgs_projected_gradient_tolerance,davidson,precise integrals by Libcint,hao,cc-pvdz,10,12,4830,1,32,-507.746434278371,-508.212142107298,1.58732882e-04,11,5.443688,6.272530,1580016,0,0,0,,,0
csd_IFOTIH_vb,block_lbfgs,c2776c4,/home/guqqgroup/taoxia/xmvb-runs/all-optimizers-c2776c4/block_lbfgs/csd_IFOTIH_vb,0,block_lbfgs_projected_gradient_tolerance,davidson,precise integrals by Libcint,hao,cc-pvdz,9,10,1386,1,32,-376.881195967874,-377.412728480746,6.96346868e-05,12,2.722256,3.986456,2256920,0,0,0,,,0
csd_IFOVEG_vb,block_lbfgs,c2776c4,/home/guqqgroup/taoxia/xmvb-runs/all-optimizers-c2776c4/block_lbfgs/csd_IFOVEG_vb,0,block_lbfgs_projected_gradient_tolerance,davidson,precise integrals by Libcint,hao,cc-pvdz,10,12,4830,1,32,-867.793176485767,-868.308662743400,3.29000781e-04,20,10.989942,12.131004,1863948,0,0,0,,,0
csd_IGANIQ_vb,block_lbfgs,c2776c4,/home/guqqgroup/taoxia/xmvb-runs/all-optimizers-c2776c4/block_lbfgs/csd_IGANIQ_vb,0,block_lbfgs_projected_gradient_tolerance,davidson,precise integrals by Libcint,hao,cc-pvdz,10,12,4830,1,32,-491.372726558356,-491.882626890928,1.45912725e-04,15,7.864534,9.000412,2444204,0,0,0,,,0
csd_IMTRAZ_vb,block_lbfgs,c2776c4,/home/guqqgroup/taoxia/xmvb-runs/all-optimizers-c2776c4/block_lbfgs/csd_IMTRAZ_vb,0,block_lbfgs_projected_gradient_tolerance,davidson,precise integrals by Libcint,hao,cc-pvdz,9,10,1386,1,32,-408.962590672534,-409.363964152498,5.69085379e-05,11,2.333972,3.162390,1884684,0,0,0,,,0
csd_IQOXET_vb,block_lbfgs,c2776c4,/home/guqqgroup/taoxia/xmvb-runs/all-optimizers-c2776c4/block_lbfgs/csd_IQOXET_vb,0,block_lbfgs_projected_gradient_tolerance,davidson,precise integrals by Libcint,hao,cc-pvdz,14,14,429,1,32,-612.105744699281,-613.724638888087,3.10243735e-05,13,3030.296308,3036.201218,11728328,0,0,0,,,0
csd_IZIHOO_vb,block_lbfgs,c2776c4,/home/guqqgroup/taoxia/xmvb-runs/all-optimizers-c2776c4/block_lbfgs/csd_IZIHOO_vb,0,block_lbfgs_projected_gradient_tolerance,davidson,precise integrals by Libcint,hao,cc-pvdz,10,10,1302,1,32,-398.720578295822,-399.306444405606,4.07466607e-05,10,6.522287,7.617953,2334532,0,0,0,,,0
csd_JAZZOZ10_vb,block_lbfgs,c2776c4,/home/guqqgroup/taoxia/xmvb-runs/all-optimizers-c2776c4/block_lbfgs/csd_JAZZOZ10_vb,0,block_lbfgs_projected_gradient_tolerance,davidson,precise integrals by Libcint,hao,cc-pvdz,10,12,4830,1,32,-463.817943157451,-464.431126621538,8.04597110e-05,12,6.372713,7.365436,1803812,0,0,0,,,0
csd_JESPAY02_vb,block_lbfgs,c2776c4,/home/guqqgroup/taoxia/xmvb-runs/all-optimizers-c2776c4/block_lbfgs/csd_JESPAY02_vb,0,block_lbfgs_projected_gradient_tolerance,davidson,precise integrals by Libcint,hao,cc-pvdz,9,10,1386,1,32,-376.894655934998,-377.426275237097,6.34500686e-05,11,2.443161,3.329793,1954604,0,0,0,,,0
csd_KAGQAN_vb,block_lbfgs,c2776c4,/home/guqqgroup/taoxia/xmvb-runs/all-optimizers-c2776c4/block_lbfgs/csd_KAGQAN_vb,0,block_lbfgs_projected_gradient_tolerance,davidson,precise integrals by Libcint,hao,cc-pvdz,9,10,1386,1,32,-392.880358198846,-393.401479410220,6.22605622e-05,11,1.858616,2.627093,1844508,0,0,0,,,0
csd_KASKIA_vb,block_lbfgs,c2776c4,/home/guqqgroup/taoxia/xmvb-runs/all-optimizers-c2776c4/block_lbfgs/csd_KASKIA_vb,0,block_lbfgs_projected_gradient_tolerance,davidson,precise integrals by Libcint,hao,cc-pvdz,7,8,490,1,32,-401.086055978074,-401.618206701529,2.92879392e-04,32,7.980212,10.621826,5688168,0,0,0,,,0
csd_KAVNOK_vb,block_lbfgs,c2776c4,/home/guqqgroup/taoxia/xmvb-runs/all-optimizers-c2776c4/block_lbfgs/csd_KAVNOK_vb,0,block_lbfgs_projected_gradient_tolerance,davidson,precise integrals by Libcint,hao,cc-pvdz,9,10,1386,1,32,-376.976389623451,-377.419392429577,3.62911596e-05,12,2.647040,3.622785,2201164,0,0,0,,,0
csd_KERCIU_vb,block_lbfgs,c2776c4,/home/guqqgroup/taoxia/xmvb-runs/all-optimizers-c2776c4/block_lbfgs/csd_KERCIU_vb,0,block_lbfgs_projected_gradient_tolerance,davidson,precise integrals by Libcint,hao,cc-pvdz,9,10,1386,1,32,-467.559970337148,-468.152859998669,6.55958424e-05,12,2.881691,4.010186,2027680,0,0,0,,,0
csd_KIGVEE_vb,block_lbfgs,c2776c4,/home/guqqgroup/taoxia/xmvb-runs/all-optimizers-c2776c4/block_lbfgs/csd_KIGVEE_vb,0,block_lbfgs_projected_gradient_tolerance,davidson,precise integrals by Libcint,hao,cc-pvdz,9,10,1386,1,32,-376.915413670786,-377.420377568945,4.06014659e-05,11,2.501832,3.405707,1885596,0,0,0,,,0
csd_KIYBUQ_vb,block_lbfgs,c2776c4,/home/guqqgroup/taoxia/xmvb-runs/all-optimizers-c2776c4/block_lbfgs/csd_KIYBUQ_vb,0,block_lbfgs_projected_gradient_tolerance,davidson,precise integrals by Libcint,hao,cc-pvdz,10,12,4830,1,32,-1132.906954732482,-1133.418324598884,6.78289434e-05,19,7.673685,9.257380,2636284,0,0,0,,,0
csd_KOLHUP_vb,block_lbfgs,c2776c4,/home/guqqgroup/taoxia/xmvb-runs/all-optimizers-c2776c4/block_lbfgs/csd_KOLHUP_vb,0,block_lbfgs_projected_gradient_tolerance,davidson,precise integrals by Libcint,hao,cc-pvdz,10,12,4830,1,32,-415.762755646081,-416.447604947008,3.72303445e-04,65,28.362080,30.499894,4329788,0,0,0,,,0
csd_KUVJIV_vb,block_lbfgs,c2776c4,/home/guqqgroup/taoxia/xmvb-runs/all-optimizers-c2776c4/block_lbfgs/csd_KUVJIV_vb,0,block_lbfgs_projected_gradient_tolerance,davidson,precise integrals by Libcint,hao,cc-pvdz,10,10,1302,1,32,-414.725482435593,-415.292102782376,4.72898620e-05,10,6.350785,7.549249,2261336,0,0,0,,,0
csd_LEBMUB_vb,block_lbfgs,c2776c4,/home/guqqgroup/taoxia/xmvb-runs/all-optimizers-c2776c4/block_lbfgs/csd_LEBMUB_vb,0,block_lbfgs_projected_gradient_tolerance,davidson,precise integrals by Libcint,hao,cc-pvdz,10,12,4830,1,32,-883.759096832838,-884.217825103975,3.47740257e-04,23,10.697754,11.753252,2030696,0,0,0,,,0
csd_LIDPUK_vb,block_lbfgs,c2776c4,/home/guqqgroup/taoxia/xmvb-runs/all-optimizers-c2776c4/block_lbfgs/csd_LIDPUK_vb,0,block_lbfgs_projected_gradient_tolerance,davidson,precise integrals by Libcint,hao,cc-pvdz,10,12,4830,1,32,-459.684184016056,-460.275232223717,2.13409257e-04,11,7.532835,9.253024,2813052,0,0,0,,,0
csd_LIJXOR_vb,block_lbfgs,c2776c4,/home/guqqgroup/taoxia/xmvb-runs/all-optimizers-c2776c4/block_lbfgs/csd_LIJXOR_vb,0,block_lbfgs_projected_gradient_tolerance,davidson,precise integrals by Libcint,hao,cc-pvdz,10,12,4830,1,32,-1132.961677658967,-1133.407575933468,1.18365839e-04,19,10.344629,11.933564,2550900,0,0,0,,,0
csd_LIKLEY_vb,block_lbfgs,c2776c4,/home/guqqgroup/taoxia/xmvb-runs/all-optimizers-c2776c4/block_lbfgs/csd_LIKLEY_vb,0,block_lbfgs_projected_gradient_tolerance,davidson,precise integrals by Libcint,hao,cc-pvdz,10,12,4830,1,32,-511.868159982777,-512.294585410140,1.47684218e-04,11,5.323126,6.160789,1660888,0,0,0,,,0
csd_LOFLEA_vb,block_lbfgs,c2776c4,/home/guqqgroup/taoxia/xmvb-runs/all-optimizers-c2776c4/block_lbfgs/csd_LOFLEA_vb,0,block_lbfgs_projected_gradient_tolerance,davidson,precise integrals by Libcint,hao,cc-pvdz,12,12,132,1,32,-398.533053305346,-399.106646101881,1.71213340e-04,23,74.032318,75.230046,2971212,0,0,0,,,0
csd_LOTYIE_vb,block_lbfgs,c2776c4,/home/guqqgroup/taoxia/xmvb-runs/all-optimizers-c2776c4/block_lbfgs/csd_LOTYIE_vb,0,block_lbfgs_projected_gradient_tolerance,davidson,precise integrals by Libcint,hao,cc-pvdz,10,12,4830,1,32,-835.765940112667,-836.326265401604,1.07560216e-04,21,8.224045,9.337343,2034416,0,0,0,,,0
csd_LOYMUH_vb,block_lbfgs,c2776c4,/home/guqqgroup/taoxia/xmvb-runs/all-optimizers-c2776c4/block_lbfgs/csd_LOYMUH_vb,0,block_lbfgs_projected_gradient_tolerance,davidson,precise integrals by Libcint,hao,cc-pvdz,9,10,1386,1,32,-408.986218412922,-409.374941032981,1.89652645e-04,10,2.227309,3.327377,1804476,0,0,0,,,0
csd_LUGFEA_vb,block_lbfgs,c2776c4,/home/guqqgroup/taoxia/xmvb-runs/all-optimizers-c2776c4/block_lbfgs/csd_LUGFEA_vb,0,block_lbfgs_projected_gradient_tolerance,davidson,precise integrals by Libcint,hao,cc-pvdz,10,12,4830,1,32,-495.528504858911,-496.052753624061,1.76199631e-04,13,9.323852,10.392938,2167036,0,0,0,,,0
csd_MACKUY_vb,block_lbfgs,c2776c4,/home/guqqgroup/taoxia/xmvb-runs/all-optimizers-c2776c4/block_lbfgs/csd_MACKUY_vb,0,block_lbfgs_projected_gradient_tolerance,davidson,precise integrals by Libcint,hao,cc-pvdz,10,12,4830,1,32,-455.536915504885,-456.071662558115,2.14645809e-04,12,8.584033,9.981292,2319600,0,0,0,,,0
csd_MAFSOE_vb,block_lbfgs,c2776c4,/home/guqqgroup/taoxia/xmvb-runs/all-optimizers-c2776c4/block_lbfgs/csd_MAFSOE_vb,0,block_lbfgs_projected_gradient_tolerance,davidson,precise integrals by Libcint,hao,cc-pvdz,7,8,490,1,32,-420.963022647380,-421.447667897512,7.34035846e-04,26,5.117886,7.385723,5214800,0,0,0,,,0
csd_MAFXAT_vb,block_lbfgs,c2776c4,/home/guqqgroup/taoxia/xmvb-runs/all-optimizers-c2776c4/block_lbfgs/csd_MAFXAT_vb,0,block_lbfgs_projected_gradient_tolerance,davidson,precise integrals by Libcint,hao,cc-pvdz,10,12,4830,1,32,-463.708873706051,-464.365414961623,7.49744850e-05,13,7.402936,8.352295,1913564,0,0,0,,,0
csd_MAVYUE_vb,block_lbfgs,c2776c4,/home/guqqgroup/taoxia/xmvb-runs/all-optimizers-c2776c4/block_lbfgs/csd_MAVYUE_vb,0,block_lbfgs_projected_gradient_tolerance,davidson,precise integrals by Libcint,hao,cc-pvdz,10,12,4830,1,32,-447.819954861782,-448.395832944752,1.21022793e-04,15,8.406626,9.574081,2269852,0,0,0,,,0
csd_MENDIT_vb,block_lbfgs,c2776c4,/home/guqqgroup/taoxia/xmvb-runs/all-optimizers-c2776c4/block_lbfgs/csd_MENDIT_vb,0,block_lbfgs_projected_gradient_tolerance,davidson,precise integrals by Libcint,hao,cc-pvdz,9,10,1386,1,32,-801.912403061404,-802.314862893446,7.91257530e-05,20,3.840656,4.910271,2112036,0,0,0,,,0
csd_MEQNOM_vb,block_lbfgs,c2776c4,/home/guqqgroup/taoxia/xmvb-runs/all-optimizers-c2776c4/block_lbfgs/csd_MEQNOM_vb,0,block_lbfgs_projected_gradient_tolerance,davidson,precise integrals by Libcint,hao,cc-pvdz,10,12,4830,1,32,-467.626403955209,-468.233030490841,1.61658663e-04,14,7.749583,8.762010,2221840,0,0,0,,,0
csd_MEQPOO_vb,block_lbfgs,c2776c4,/home/guqqgroup/taoxia/xmvb-runs/all-optimizers-c2776c4/block_lbfgs/csd_MEQPOO_vb,0,block_lbfgs_projected_gradient_tolerance,davidson,precise integrals by Libcint,hao,cc-pvdz,10,10,1302,1,32,-399.972325906974,-400.449174224592,7.17925535e-05,19,10.447927,12.361082,4224652,0,0,0,,,0
csd_MERJIC_vb,block_lbfgs,c2776c4,/home/guqqgroup/taoxia/xmvb-runs/all-optimizers-c2776c4/block_lbfgs/csd_MERJIC_vb,0,block_lbfgs_projected_gradient_tolerance,davidson,precise integrals by Libcint,hao,cc-pvdz,9,10,1386,1,32,-408.919165843604,-409.386966181937,7.76515150e-05,11,1.724252,2.398643,1557428,0,0,0,,,0
csd_MEZDAY_vb,block_lbfgs,c2776c4,/home/guqqgroup/taoxia/xmvb-runs/all-optimizers-c2776c4/block_lbfgs/csd_MEZDAY_vb,0,block_lbfgs_projected_gradient_tolerance,davidson,precise integrals by Libcint,hao,cc-pvdz,10,12,4830,1,32,-835.785523546201,-836.341257444335,2.97627716e-04,22,14.186075,15.739261,2277684,0,0,0,,,0
csd_MIQUIN_vb,block_lbfgs,c2776c4,/home/guqqgroup/taoxia/xmvb-runs/all-optimizers-c2776c4/block_lbfgs/csd_MIQUIN_vb,0,block_lbfgs_projected_gradient_tolerance,davidson,precise integrals by Libcint,hao,cc-pvdz,10,10,1302,1,32,-398.715190945740,-399.304317264025,4.25389696e-05,10,6.659884,7.904087,2386192,0,0,0,,,0
csd_MOBSOM_vb,block_lbfgs,c2776c4,/home/guqqgroup/taoxia/xmvb-runs/all-optimizers-c2776c4/block_lbfgs/csd_MOBSOM_vb,0,block_lbfgs_projected_gradient_tolerance,davidson,precise integrals by Libcint,hao,cc-pvdz,9,10,1386,1,32,-392.912103051170,-393.415744089989,5.93159523e-05,11,2.117279,3.004348,1789540,0,0,0,,,0
csd_MUBQIK_vb,block_lbfgs,c2776c4,/home/guqqgroup/taoxia/xmvb-runs/all-optimizers-c2776c4/block_lbfgs/csd_MUBQIK_vb,0,block_lbfgs_projected_gradient_tolerance,davidson,precise integrals by Libcint,hao,cc-pvdz,10,12,4830,1,32,-431.817852169786,-432.444762902472,2.40159758e-04,48,19.794127,21.574484,3742184,0,0,0,,,0
csd_NAGVAS_vb,block_lbfgs,c2776c4,/home/guqqgroup/taoxia/xmvb-runs/all-optimizers-c2776c4/block_lbfgs/csd_NAGVAS_vb,0,block_lbfgs_projected_gradient_tolerance,davidson,precise integrals by Libcint,hao,cc-pvdz,10,12,4830,1,32,-511.729603131041,-512.295794032624,8.10533824e-05,11,4.362305,7.820749,1751904,0,0,0,,,0
csd_NAPTYR11_vb,block_lbfgs,c2776c4,/home/guqqgroup/taoxia/xmvb-runs/all-optimizers-c2776c4/block_lbfgs/csd_NAPTYR11_vb,0,block_lbfgs_projected_gradient_tolerance,davidson,precise integrals by Libcint,hao,cc-pvdz,10,10,1302,1,32,-414.738935424871,-415.288809319738,5.27596676e-05,10,5.310898,9.543315,2108800,0,0,0,,,0
csd_NEGPIA_vb,block_lbfgs,c2776c4,/home/guqqgroup/taoxia/xmvb-runs/all-optimizers-c2776c4/block_lbfgs/csd_NEGPIA_vb,0,block_lbfgs_projected_gradient_tolerance,davidson,precise integrals by Libcint,hao,cc-pvdz,9,10,1386,1,32,-435.698724650236,-436.262507127679,3.44181777e-04,41,8.679238,10.538946,3985864,0,0,0,,,0
csd_NESFIA01_vb,block_lbfgs,c2776c4,/home/guqqgroup/taoxia/xmvb-runs/all-optimizers-c2776c4/block_lbfgs/csd_NESFIA01_vb,0,block_lbfgs_projected_gradient_tolerance,davidson,precise integrals by Libcint,hao,cc-pvdz,10,12,4830,1,32,-483.753212044270,-484.217815664289,1.72192923e-04,12,6.389959,7.511061,2343632,0,0,0,,,0
csd_NIDMUI_vb,block_lbfgs,c2776c4,/home/guqqgroup/taoxia/xmvb-runs/all-optimizers-c2776c4/block_lbfgs/csd_NIDMUI_vb,0,block_lbfgs_projected_gradient_tolerance,davidson,precise integrals by Libcint,hao,cc-pvdz,10,12,4830,1,32,-806.490858818967,-806.877599136418,2.10921629e-04,19,10.331830,11.632795,2154016,0,0,0,,,0
csd_NIPFEZ_vb,block_lbfgs,c2776c4,/home/guqqgroup/taoxia/xmvb-runs/all-optimizers-c2776c4/block_lbfgs/csd_NIPFEZ_vb,0,block_lbfgs_projected_gradient_tolerance,davidson,precise integrals by Libcint,hao,cc-pvdz,10,12,4830,1,32,-431.784671176139,-432.424923464286,1.63046152e-04,52,19.920925,21.675129,3775028,0,0,0,,,0
csd_NODTOS_vb,block_lbfgs,c2776c4,/home/guqqgroup/taoxia/xmvb-runs/all-optimizers-c2776c4/block_lbfgs/csd_NODTOS_vb,0,block_lbfgs_projected_gradient_tolerance,davidson,precise integrals by Libcint,hao,cc-pvdz,10,12,4830,1,32,-758.331640413567,-758.951205787127,1.48306467e-04,55,34.761648,37.202351,4156604,0,0,0,,,0
csd_NUQHEN_vb,block_lbfgs,c2776c4,/home/guqqgroup/taoxia/xmvb-runs/all-optimizers-c2776c4/block_lbfgs/csd_NUQHEN_vb,0,block_lbfgs_projected_gradient_tolerance,davidson,precise integrals by Libcint,hao,cc-pvdz,9,10,1386,1,32,-441.807845410523,-442.246290257576,3.49950395e-05,11,2.367458,4.611937,1949804,0,0,0,,,0
csd_OBEGOR_vb,block_lbfgs,c2776c4,/home/guqqgroup/taoxia/xmvb-runs/all-optimizers-c2776c4/block_lbfgs/csd_OBEGOR_vb,0,block_lbfgs_projected_gradient_tolerance,davidson,precise integrals by Libcint,hao,cc-pvdz,10,12,4830,1,32,-487.547750775019,-488.061929753587,5.61800327e-05,13,7.320316,8.291467,2039232,0,0,0,,,0
csd_OCEWIE_vb,block_lbfgs,c2776c4,/home/guqqgroup/taoxia/xmvb-runs/all-optimizers-c2776c4/block_lbfgs/csd_OCEWIE_vb,0,block_lbfgs_projected_gradient_tolerance,davidson,precise integrals by Libcint,hao,cc-pvdz,12,12,132,1,32,-414.508568945045,-415.092532792233,1.14153250e-04,11,55.310211,56.446941,2806540,0,0,0,,,0
csd_PAHSID_vb,block_lbfgs,c2776c4,/home/guqqgroup/taoxia/xmvb-runs/all-optimizers-c2776c4/block_lbfgs/csd_PAHSID_vb,0,block_lbfgs_projected_gradient_tolerance,davidson,precise integrals by Libcint,hao,cc-pvdz,10,12,4830,1,32,-822.394609284020,-822.889976673897,1.00239501e-04,17,7.681482,8.669844,1899296,0,0,0,,,0
csd_PAWGAX_vb,block_lbfgs,c2776c4,/home/guqqgroup/taoxia/xmvb-runs/all-optimizers-c2776c4/block_lbfgs/csd_PAWGAX_vb,0,block_lbfgs_projected_gradient_tolerance,davidson,precise integrals by Libcint,hao,cc-pvdz,9,10,1386,1,32,-380.765269503183,-381.255197494493,2.26681218e-05,13,2.227392,3.024943,1877372,0,0,0,,,0
csd_PEHVII_vb,block_lbfgs,c2776c4,/home/guqqgroup/taoxia/xmvb-runs/all-optimizers-c2776c4/block_lbfgs/csd_PEHVII_vb,0,block_lbfgs_projected_gradient_tolerance,davidson,precise integrals by Libcint,hao,cc-pvdz,10,12,4830,1,32,-459.682175524360,-460.275714874908,5.73006959e-05,12,7.666578,12.822755,2736724,0,0,0,,,0
csd_PELGET_vb,block_lbfgs,c2776c4,/home/guqqgroup/taoxia/xmvb-runs/all-optimizers-c2776c4/block_lbfgs/csd_PELGET_vb,0,block_lbfgs_projected_gradient_tolerance,davidson,precise integrals by Libcint,hao,cc-pvdz,9,10,1386,1,32,-412.685611201845,-413.182964224346,8.25405030e-05,12,2.452155,3.220509,1685412,0,0,0,,,0
csd_PESVUH_vb,block_lbfgs,c2776c4,/home/guqqgroup/taoxia/xmvb-runs/all-optimizers-c2776c4/block_lbfgs/csd_PESVUH_vb,0,block_lbfgs_projected_gradient_tolerance,davidson,precise integrals by Libcint,hao,cc-pvdz,9,10,1386,1,32,-424.941074782768,-425.334877317503,5.46280100e-05,11,2.455571,3.378842,1777680,0,0,0,,,0
csd_PEZYUR_vb,block_lbfgs,c2776c4,/home/guqqgroup/taoxia/xmvb-runs/all-optimizers-c2776c4/block_lbfgs/csd_PEZYUR_vb,0,block_lbfgs_projected_gradient_tolerance,davidson,precise integrals by Libcint,hao,cc-pvdz,10,12,4830,1,32,-819.760481113581,-820.344753403565,2.46364912e-04,22,14.027752,15.429382,2923904,0,0,0,,,0
csd_PHESAZ05_vb,block_lbfgs,c2776c4,/home/guqqgroup/taoxia/xmvb-runs/all-optimizers-c2776c4/block_lbfgs/csd_PHESAZ05_vb,0,block_lbfgs_projected_gradient_tolerance,davidson,precise integrals by Libcint,hao,cc-pvdz,8,8,1764,1,32,-681.703015542640,-682.068492154713,3.48759437e-04,11,3.797792,4.956488,1754312,0,0,0,,,0
csd_QESLUY_vb,block_lbfgs,c2776c4,/home/guqqgroup/taoxia/xmvb-runs/all-optimizers-c2776c4/block_lbfgs/csd_QESLUY_vb,0,block_lbfgs_projected_gradient_tolerance,davidson,precise integrals by Libcint,hao,cc-pvdz,10,12,4830,1,32,-431.717998503062,-432.447652683236,3.15498683e-04,13,7.550917,8.601333,2213696,0,0,0,,,0
csd_QOCGUM_vb,block_lbfgs,c2776c4,/home/guqqgroup/taoxia/xmvb-runs/all-optimizers-c2776c4/block_lbfgs/csd_QOCGUM_vb,0,block_lbfgs_projected_gradient_tolerance,davidson,precise integrals by Libcint,hao,cc-pvdz,10,12,4830,1,32,-479.550463948438,-480.094766673177,5.76115480e-05,13,5.966896,6.905526,2055480,0,0,0,,,0
csd_RATMIJ_vb,block_lbfgs,c2776c4,/home/guqqgroup/taoxia/xmvb-runs/all-optimizers-c2776c4/block_lbfgs/csd_RATMIJ_vb,0,block_lbfgs_projected_gradient_tolerance,davidson,precise integrals by Libcint,hao,cc-pvdz,9,10,1386,1,32,-440.892187184176,-441.293442089272,3.28164661e-04,10,1.795675,2.580284,1549768,0,0,0,,,0
csd_RAVTAJ_vb,block_lbfgs,c2776c4,/home/guqqgroup/taoxia/xmvb-runs/all-optimizers-c2776c4/block_lbfgs/csd_RAVTAJ_vb,0,block_lbfgs_projected_gradient_tolerance,davidson,precise integrals by Libcint,hao,cc-pvdz,9,10,1386,1,32,-719.469520585343,-719.922514366600,8.56657896e-05,17,3.665137,4.632564,2087184,0,0,0,,,0
csd_RAWBOJ_vb,block_lbfgs,c2776c4,/home/guqqgroup/taoxia/xmvb-runs/all-optimizers-c2776c4/block_lbfgs/csd_RAWBOJ_vb,0,block_lbfgs_projected_gradient_tolerance,davidson,precise integrals by Libcint,hao,cc-pvdz,10,12,4830,1,32,-463.830057776306,-464.398059179283,6.72591551e-05,13,6.946361,7.997988,1942284,0,0,0,,,0
csd_RAWLIM_vb,block_lbfgs,c2776c4,/home/guqqgroup/taoxia/xmvb-runs/all-optimizers-c2776c4/block_lbfgs/csd_RAWLIM_vb,0,block_lbfgs_projected_gradient_tolerance,davidson,precise integrals by Libcint,hao,cc-pvdz,8,8,1764,1,32,-382.535083959550,-383.261761013667,1.65040569e-04,22,11.716643,13.490600,4090876,0,0,0,,,0
csd_REZVOK_vb,block_lbfgs,c2776c4,/home/guqqgroup/taoxia/xmvb-runs/all-optimizers-c2776c4/block_lbfgs/csd_REZVOK_vb,0,block_lbfgs_projected_gradient_tolerance,davidson,precise integrals by Libcint,hao,cc-pvdz,9,10,1386,1,32,-376.922234533281,-377.419180272349,7.30858960e-05,11,2.552557,3.589979,2180716,0,0,0,,,0
csd_RIBGOZ_vb,block_lbfgs,c2776c4,/home/guqqgroup/taoxia/xmvb-runs/all-optimizers-c2776c4/block_lbfgs/csd_RIBGOZ_vb,0,block_lbfgs_projected_gradient_tolerance,davidson,precise integrals by Libcint,hao,cc-pvdz,9,10,1386,1,32,-408.946582679794,-409.358452968638,4.09885423e-04,10,1.641576,2.284988,1531428,0,0,0,,,0
csd_RIHCUH01_vb,block_lbfgs,c2776c4,/home/guqqgroup/taoxia/xmvb-runs/all-optimizers-c2776c4/block_lbfgs/csd_RIHCUH01_vb,0,block_lbfgs_projected_gradient_tolerance,davidson,precise integrals by Libcint,hao,cc-pvdz,7,8,490,1,32,-362.121663774906,-362.593153814977,1.91578522e-04,33,4.361751,6.107214,3837524,0,0,0,,,0
csd_ROZTOQ_vb,block_lbfgs,c2776c4,/home/guqqgroup/taoxia/xmvb-runs/all-optimizers-c2776c4/block_lbfgs/csd_ROZTOQ_vb,0,block_lbfgs_projected_gradient_tolerance,davidson,precise integrals by Libcint,hao,cc-pvdz,10,12,4830,1,32,-867.770368286279,-868.291580362464,1.34965204e-04,21,12.210629,13.632725,2205044,0,0,0,,,0
csd_SAGZAD_vb,block_lbfgs,c2776c4,/home/guqqgroup/taoxia/xmvb-runs/all-optimizers-c2776c4/block_lbfgs/csd_SAGZAD_vb,0,block_lbfgs_projected_gradient_tolerance,davidson,precise integrals by Libcint,hao,cc-pvdz,10,12,4830,1,32,-819.734298636287,-820.344419767169,2.99858144e-04,22,12.360044,13.868615,3004248,0,0,0,,,0
csd_SAYWEV_vb,block_lbfgs,c2776c4,/home/guqqgroup/taoxia/xmvb-runs/all-optimizers-c2776c4/block_lbfgs/csd_SAYWEV_vb,0,block_lbfgs_projected_gradient_tolerance,davidson,precise integrals by Libcint,hao,cc-pvdz,10,12,4830,1,32,-1162.324150365519,-1162.847211214433,1.33535986e-04,28,14.741954,16.117375,2319448,0,0,0,,,0
csd_SEBRAV_vb,block_lbfgs,c2776c4,/home/guqqgroup/taoxia/xmvb-runs/all-optimizers-c2776c4/block_lbfgs/csd_SEBRAV_vb,0,block_lbfgs_projected_gradient_tolerance,davidson,precise integrals by Libcint,hao,cc-pvdz,10,12,4830,1,32,-794.247427489072,-794.757024918379,1.69081113e-04,19,8.228767,9.355925,2024688,0,0,0,,,0
csd_SECNAR_vb,block_lbfgs,c2776c4,/home/guqqgroup/taoxia/xmvb-runs/all-optimizers-c2776c4/block_lbfgs/csd_SECNAR_vb,0,block_lbfgs_projected_gradient_tolerance,davidson,precise integrals by Libcint,hao,cc-pvdz,9,10,1386,1,32,-412.627384761935,-413.164921840422,1.00843143e-04,12,4.155537,5.118310,1840868,0,0,0,,,0
csd_SEHDIT_vb,block_lbfgs,c2776c4,/home/guqqgroup/taoxia/xmvb-runs/all-optimizers-c2776c4/block_lbfgs/csd_SEHDIT_vb,0,block_lbfgs_projected_gradient_tolerance,davidson,precise integrals by Libcint,hao,cc-pvdz,10,12,4830,1,32,-867.808654843628,-868.262888112627,1.66194294e-04,22,11.848965,13.144295,2143272,0,0,0,,,0
csd_SEKPIH_vb,block_lbfgs,c2776c4,/home/guqqgroup/taoxia/xmvb-runs/all-optimizers-c2776c4/block_lbfgs/csd_SEKPIH_vb,0,block_lbfgs_projected_gradient_tolerance,davidson,precise integrals by Libcint,hao,cc-pvdz,9,10,1386,1,32,-431.823661623977,-432.403269111632,5.09200372e-05,12,2.570063,3.839088,2753836,0,0,0,,,0
csd_SEMYOY_vb,block_lbfgs,c2776c4,/home/guqqgroup/taoxia/xmvb-runs/all-optimizers-c2776c4/block_lbfgs/csd_SEMYOY_vb,0,block_lbfgs_projected_gradient_tolerance,davidson,precise integrals by Libcint,hao,cc-pvdz,10,12,4830,1,32,-467.640962502861,-468.242389528402,5.14773564e-04,11,6.895563,8.257520,2033484,0,0,0,,,0
csd_SERSOZ01_vb,block_lbfgs,c2776c4,/home/guqqgroup/taoxia/xmvb-runs/all-optimizers-c2776c4/block_lbfgs/csd_SERSOZ01_vb,0,block_lbfgs_projected_gradient_tolerance,davidson,precise integrals by Libcint,hao,cc-pvdz,14,14,429,1,32,-534.461927982287,-535.685705089541,3.10798993e-05,12,2803.859840,2806.734243,6253860,0,0,0,,,0
csd_SESMIN_vb,block_lbfgs,c2776c4,/home/guqqgroup/taoxia/xmvb-runs/all-optimizers-c2776c4/block_lbfgs/csd_SESMIN_vb,0,block_lbfgs_projected_gradient_tolerance,davidson,precise integrals by Libcint,hao,cc-pvdz,10,12,4830,1,32,-435.660529857171,-436.276117196091,5.29403125e-04,11,6.665489,7.709512,2266876,0,0,0,,,0
csd_TAYHIM_vb,block_lbfgs,c2776c4,/home/guqqgroup/taoxia/xmvb-runs/all-optimizers-c2776c4/block_lbfgs/csd_TAYHIM_vb,0,block_lbfgs_projected_gradient_tolerance,davidson,precise integrals by Libcint,hao,cc-pvdz,9,10,1386,1,32,-417.798521441071,-418.248192692300,4.75223950e-05,11,1.952000,2.789842,1941932,0,0,0,,,0
csd_TAZPYD10_vb,block_lbfgs,c2776c4,/home/guqqgroup/taoxia/xmvb-runs/all-optimizers-c2776c4/block_lbfgs/csd_TAZPYD10_vb,0,block_lbfgs_projected_gradient_tolerance,davidson,precise integrals by Libcint,hao,cc-pvdz,9,10,1386,1,32,-408.924320254837,-409.365362283110,8.99598063e-05,12,2.108306,3.002308,1945440,0,0,0,,,0
csd_TEZPDZ10_vb,block_lbfgs,c2776c4,/home/guqqgroup/taoxia/xmvb-runs/all-optimizers-c2776c4/block_lbfgs/csd_TEZPDZ10_vb,0,block_lbfgs_projected_gradient_tolerance,davidson,precise integrals by Libcint,hao,cc-pvdz,9,10,1386,1,32,-424.893938331317,-425.317863179015,8.50777658e-05,12,2.567166,3.724944,1766240,0,0,0,,,0
csd_UFAJOB_vb,block_lbfgs,c2776c4,/home/guqqgroup/taoxia/xmvb-runs/all-optimizers-c2776c4/block_lbfgs/csd_UFAJOB_vb,0,block_lbfgs_projected_gradient_tolerance,davidson,precise integrals by Libcint,hao,cc-pvdz,9,10,1386,1,32,-397.943308241056,-398.386634607427,1.37321117e-04,11,2.313781,3.130165,1662588,0,0,0,,,0
csd_UPAPIL_vb,block_lbfgs,c2776c4,/home/guqqgroup/taoxia/xmvb-runs/all-optimizers-c2776c4/block_lbfgs/csd_UPAPIL_vb,0,block_lbfgs_projected_gradient_tolerance,davidson,precise integrals by Libcint,hao,cc-pvdz,8,10,1176,1,32,-378.061745857589,-378.572661385259,2.44421990e-04,35,7.998086,9.368033,3537708,0,0,0,,,0
csd_VAVSOA_vb,block_lbfgs,c2776c4,/home/guqqgroup/taoxia/xmvb-runs/all-optimizers-c2776c4/block_lbfgs/csd_VAVSOA_vb,0,block_lbfgs_projected_gradient_tolerance,davidson,precise integrals by Libcint,hao,cc-pvdz,9,10,1386,1,32,-703.452795573892,-703.938721918362,1.39462026e-04,18,3.152890,4.268419,2307852,0,0,0,,,0
csd_VENBAU_vb,block_lbfgs,c2776c4,/home/guqqgroup/taoxia/xmvb-runs/all-optimizers-c2776c4/block_lbfgs/csd_VENBAU_vb,0,block_lbfgs_projected_gradient_tolerance,davidson,precise integrals by Libcint,hao,cc-pvdz,10,12,4830,1,32,-487.481137079932,-487.998178680959,1.39478358e-04,11,6.256141,7.225134,2011460,0,0,0,,,0
csd_WAJJEZ_vb,block_lbfgs,c2776c4,/home/guqqgroup/taoxia/xmvb-runs/all-optimizers-c2776c4/block_lbfgs/csd_WAJJEZ_vb,0,block_lbfgs_projected_gradient_tolerance,davidson,precise integrals by Libcint,hao,cc-pvdz,14,14,429,1,32,-380.732800116071,-381.844625829694,5.06932243e-04,18,5824.603483,5825.871716,3183140,0,0,0,,,0
csd_WANSUB_vb,block_lbfgs,c2776c4,/home/guqqgroup/taoxia/xmvb-runs/all-optimizers-c2776c4/block_lbfgs/csd_WANSUB_vb,0,block_lbfgs_projected_gradient_tolerance,davidson,precise integrals by Libcint,hao,cc-pvdz,7,8,490,1,32,-436.950968631340,-437.427580095700,7.35438311e-04,21,3.267535,5.110710,4945840,0,0,0,,,0
csd_WEDCIT_vb,block_lbfgs,c2776c4,/home/guqqgroup/taoxia/xmvb-runs/all-optimizers-c2776c4/block_lbfgs/csd_WEDCIT_vb,0,block_lbfgs_projected_gradient_tolerance,davidson,precise integrals by Libcint,hao,cc-pvdz,10,12,4830,1,32,-459.685401679539,-460.276051314087,1.08471870e-04,12,6.543695,7.759492,2762036,0,0,0,,,0
csd_WEQJOS_vb,block_lbfgs,c2776c4,/home/guqqgroup/taoxia/xmvb-runs/all-optimizers-c2776c4/block_lbfgs/csd_WEQJOS_vb,0,block_lbfgs_projected_gradient_tolerance,davidson,precise integrals by Libcint,hao,cc-pvdz,10,12,4830,1,32,-467.674466059599,-468.233190180127,1.93931514e-04,12,6.744719,7.922979,2302424,0,0,0,,,0
csd_WERSER_vb,block_lbfgs,c2776c4,/home/guqqgroup/taoxia/xmvb-runs/all-optimizers-c2776c4/block_lbfgs/csd_WERSER_vb,0,block_lbfgs_projected_gradient_tolerance,davidson,precise integrals by Libcint,hao,cc-pvdz,10,12,4830,1,32,-855.668457857482,-856.158747633461,1.04088047e-04,23,11.729479,13.011220,2083184,0,0,0,,,0
csd_WOGVIA_vb,block_lbfgs,c2776c4,/home/guqqgroup/taoxia/xmvb-runs/all-optimizers-c2776c4/block_lbfgs/csd_WOGVIA_vb,,,,precise integrals by Libcint,hao,cc-pvdz,16,16,1430,1,,,,,,,,,,,,,,
csd_XAJKOJ_vb,block_lbfgs,c2776c4,/home/guqqgroup/taoxia/xmvb-runs/all-optimizers-c2776c4/block_lbfgs/csd_XAJKOJ_vb,0,block_lbfgs_projected_gradient_tolerance,davidson,precise integrals by Libcint,hao,cc-pvdz,8,8,1764,1,32,-647.223256636913,-647.743651782477,1.47839769e-04,18,7.002648,9.290507,3427888,0,0,0,,,0
csd_YAHSIM_vb,block_lbfgs,c2776c4,/home/guqqgroup/taoxia/xmvb-runs/all-optimizers-c2776c4/block_lbfgs/csd_YAHSIM_vb,0,block_lbfgs_projected_gradient_tolerance,davidson,precise integrals by Libcint,hao,cc-pvdz,9,10,1386,1,32,-393.004444654262,-393.399241508530,1.09639501e-04,11,2.535382,3.616916,1817112,0,0,0,,,0
csd_YAMSAI_vb,block_lbfgs,c2776c4,/home/guqqgroup/taoxia/xmvb-runs/all-optimizers-c2776c4/block_lbfgs/csd_YAMSAI_vb,0,block_lbfgs_projected_gradient_tolerance,davidson,precise integrals by Libcint,hao,cc-pvdz,7,8,490,1,32,-305.256519338888,-305.561919457055,2.20332501e-04,10,0.603779,1.035839,912848,0,0,0,,,0
csd_YEMJEI_vb,block_lbfgs,c2776c4,/home/guqqgroup/taoxia/xmvb-runs/all-optimizers-c2776c4/block_lbfgs/csd_YEMJEI_vb,0,block_lbfgs_projected_gradient_tolerance,davidson,precise integrals by Libcint,hao,cc-pvdz,7,8,490,1,32,-401.086610309383,-401.615278621599,1.87949790e-04,33,7.600486,10.527905,5801832,0,0,0,,,0
csd_YEPKAF_vb,block_lbfgs,c2776c4,/home/guqqgroup/taoxia/xmvb-runs/all-optimizers-c2776c4/block_lbfgs/csd_YEPKAF_vb,0,block_lbfgs_projected_gradient_tolerance,davidson,precise integrals by Libcint,hao,cc-pvdz,10,12,4830,1,32,-1136.764932043602,-1137.242583612898,5.84263491e-04,20,10.641480,12.476399,2375084,0,0,0,,,0
csd_ZANZIZ_vb,block_lbfgs,c2776c4,/home/guqqgroup/taoxia/xmvb-runs/all-optimizers-c2776c4/block_lbfgs/csd_ZANZIZ_vb,0,block_lbfgs_projected_gradient_tolerance,davidson,precise integrals by Libcint,hao,cc-pvdz,10,12,4830,1,32,-431.764636252160,-432.425750425820,1.59370407e-04,47,19.020489,20.860853,3726260,0,0,0,,,0
csd_ZASLAG_vb,block_lbfgs,c2776c4,/home/guqqgroup/taoxia/xmvb-runs/all-optimizers-c2776c4/block_lbfgs/csd_ZASLAG_vb,0,block_lbfgs_projected_gradient_tolerance,davidson,precise integrals by Libcint,hao,cc-pvdz,9,10,1386,1,32,-431.890404568188,-432.397560423804,1.45206425e-04,47,8.711085,10.480371,4202992,0,0,0,,,0
csd_ZEDQOR_vb,block_lbfgs,c2776c4,/home/guqqgroup/taoxia/xmvb-runs/all-optimizers-c2776c4/block_lbfgs/csd_ZEDQOR_vb,0,block_lbfgs_projected_gradient_tolerance,davidson,precise integrals by Libcint,hao,cc-pvdz,9,10,1386,1,32,-408.978839993338,-409.382792292068,4.93228008e-05,11,1.895225,2.731633,1821492,0,0,0,,,0
csd_ZUDLUH_vb,block_lbfgs,c2776c4,/home/guqqgroup/taoxia/xmvb-runs/all-optimizers-c2776c4/block_lbfgs/csd_ZUDLUH_vb,0,block_lbfgs_projected_gradient_tolerance,davidson,precise integrals by Libcint,hao,cc-pvdz,10,12,4830,1,32,-519.522643447381,-520.017379630731,1.32402198e-04,11,6.234953,7.137074,1702604,0,0,0,,,0
csd_ZUVQUE_vb,block_lbfgs,c2776c4,/home/guqqgroup/taoxia/xmvb-runs/all-optimizers-c2776c4/block_lbfgs/csd_ZUVQUE_vb,0,block_lbfgs_projected_gradient_tolerance,davidson,precise integrals by Libcint,hao,cc-pvdz,9,10,1386,1,32,-392.948647134556,-393.406696923495,3.94979831e-05,11,1.892561,2.709706,1885240,0,0,0,,,0
101687105_vb,neo,c2776c4,/home/guqqgroup/taoxia/xmvb-runs/all-optimizers-c2776c4/neo/101687105_vb,0,neo_projected_gradient_tolerance,davidson,precise integrals by Libcint,hao,cc-pvdz,7,8,490,1,32,-330.382528284954,-330.679226980406,1.45710687e-04,5,1.255262,1.676645,1064100,12,4,16,,,0
102313_vb,neo,c2776c4,/home/guqqgroup/taoxia/xmvb-runs/all-optimizers-c2776c4/neo/102313_vb,0,neo_projected_gradient_tolerance,davidson,precise integrals by Libcint,hao,cc-pvdz,6,6,175,1,32,-399.127909739591,-399.532975934140,1.25636232e-04,6,2.452317,3.636592,3308264,12,0,12,,,0
102383691_vb,neo,c2776c4,/home/guqqgroup/taoxia/xmvb-runs/all-optimizers-c2776c4/neo/102383691_vb,0,neo_projected_gradient_tolerance,davidson,precise integrals by Libcint,hao,cc-pvdz,6,6,175,1,32,-345.362512360518,-345.714549410314,5.61032762e-05,5,1.844288,2.850325,2237404,10,3,13,,,0
104448_vb,neo,c2776c4,/home/guqqgroup/taoxia/xmvb-runs/all-optimizers-c2776c4/neo/104448_vb,0,neo_projected_gradient_tolerance,davidson,precise integrals by Libcint,hao,cc-pvdz,8,10,1176,1,32,-399.105439265357,-399.594123710272,2.61349717e-04,6,18.410154,19.959601,3683720,43,11,54,,,0
10698_VBSCF,neo,c2776c4,/home/guqqgroup/taoxia/xmvb-runs/all-optimizers-c2776c4/neo/10698_VBSCF,0,neo_projected_gradient_tolerance,davidson,precise integrals by Libcint,hao,cc-pvdz,6,6,175,1,32,-422.270572354466,-422.611824570185,1.83917646e-04,5,9.847129,12.352040,5450544,38,8,46,,,0
10698_vb,neo,c2776c4,/home/guqqgroup/taoxia/xmvb-runs/all-optimizers-c2776c4/neo/10698_vb,0,neo_projected_gradient_tolerance,davidson,precise integrals by Libcint,hao,cc-pvdz,7,8,490,1,32,-422.087049999807,-422.623871137714,1.47092854e-04,6,4.854437,7.197425,5477292,14,3,17,,,0
10722_vb,neo,c2776c4,/home/guqqgroup/taoxia/xmvb-runs/all-optimizers-c2776c4/neo/10722_vb,0,neo_projected_gradient_tolerance,davidson,precise integrals by Libcint,hao,cc-pvdz,8,8,1764,1,32,-382.003649645019,-382.465563055816,9.72632745e-05,5,8.751702,9.975206,3059692,10,3,13,,,0
10824_vb,neo,c2776c4,/home/guqqgroup/taoxia/xmvb-runs/all-optimizers-c2776c4/neo/10824_vb,0,neo_projected_gradient_tolerance,davidson,precise integrals by Libcint,hao,cc-pvdz,8,10,1176,1,32,-399.077138754763,-399.575157783997,1.03001783e-04,5,7.244700,8.558652,2918800,14,7,21,,,0
10996982_vb,neo,c2776c4,/home/guqqgroup/taoxia/xmvb-runs/all-optimizers-c2776c4/neo/10996982_vb,0,neo_projected_gradient_tolerance,davidson,precise integrals by Libcint,hao,cc-pvdz,8,8,1764,1,32,-344.203800604408,-344.569334270486,3.65393218e-05,5,9.728554,10.521029,1629928,10,5,15,,,0
11335_vb,neo,c2776c4,/home/guqqgroup/taoxia/xmvb-runs/all-optimizers-c2776c4/neo/11335_vb,0,neo_projected_gradient_tolerance,davidson,precise integrals by Libcint,hao,cc-pvdz,7,8,490,1,32,-383.154842718130,-383.602683110017,1.63269279e-04,6,3.175724,4.867903,3743744,13,3,16,,,0
11412357_vb,neo,c2776c4,/home/guqqgroup/taoxia/xmvb-runs/all-optimizers-c2776c4/neo/11412357_vb,0,neo_projected_gradient_tolerance,davidson,precise integrals by Libcint,hao,cc-pvdz,8,8,1764,1,32,-380.049757192069,-380.397591653168,3.27571279e-05,5,8.322978,8.896684,1596164,10,5,15,,,0
11829369_vb,neo,c2776c4,/home/guqqgroup/taoxia/xmvb-runs/all-optimizers-c2776c4/neo/11829369_vb,0,neo_projected_gradient_tolerance,davidson,precise integrals by Libcint,hao,cc-pvdz,6,6,175,1,32,-306.399650251275,-306.692762427303,4.05104560e-05,5,1.194033,1.784313,1535144,10,1,11,,,0
11829387_vb,neo,c2776c4,/home/guqqgroup/taoxia/xmvb-runs/all-optimizers-c2776c4/neo/11829387_vb,0,neo_projected_gradient_tolerance,davidson,precise integrals by Libcint,hao,cc-pvdz,6,6,175,1,32,-345.370768562854,-345.714448209828,2.84662128e-05,5,1.737581,2.675023,2166340,11,2,13,,,0
118623_vb,neo,c2776c4,/home/guqqgroup/taoxia/xmvb-runs/all-optimizers-c2776c4/neo/118623_vb,0,neo_projected_gradient_tolerance,davidson,precise integrals by Libcint,hao,cc-pvdz,8,8,1764,1,32,-420.985325603286,-421.488829507459,1.25564757e-04,6,15.354245,17.381992,4719152,15,4,19,,,0
120047_vb,neo,c2776c4,/home/guqqgroup/taoxia/xmvb-runs/all-optimizers-c2776c4/neo/120047_vb,0,neo_projected_gradient_tolerance,davidson,precise integrals by Libcint,hao,cc-pvdz,8,8,1764,1,32,-459.973101343937,-460.509480399969,2.00814897e-04,7,14.376062,16.733560,6079896,14,4,18,,,0
12105_vb,neo,c2776c4,/home/guqqgroup/taoxia/xmvb-runs/all-optimizers-c2776c4/neo/12105_vb,0,neo_projected_gradient_tolerance,davidson,precise integrals by Libcint,hao,cc-pvdz,8,8,1764,1,32,-382.014158063696,-382.467914553640,1.89047273e-04,6,9.965252,11.193084,3139060,11,4,15,,,0
12119_vb,neo,c2776c4,/home/guqqgroup/taoxia/xmvb-runs/all-optimizers-c2776c4/neo/12119_vb,0,neo_projected_gradient_tolerance,davidson,precise integrals by Libcint,hao,cc-pvdz,8,10,1176,1,32,-438.120394649369,-438.603160546143,1.70587808e-04,5,19.621815,21.949765,4519168,38,8,46,,,0
12570_vb,neo,c2776c4,/home/guqqgroup/taoxia/xmvb-runs/all-optimizers-c2776c4/neo/12570_vb,0,neo_projected_gradient_tolerance,davidson,precise integrals by Libcint,hao,cc-pvdz,7,8,490,1,32,-422.166365243374,-422.624614929720,1.49151404e-04,5,5.539010,7.867568,5540236,17,3,20,,,0
13442701_vb,neo,c2776c4,/home/guqqgroup/taoxia/xmvb-runs/all-optimizers-c2776c4/neo/13442701_vb,0,neo_projected_gradient_tolerance,davidson,precise integrals by Libcint,hao,cc-pvdz,6,6,175,1,32,-306.390770176322,-306.692758540942,4.92324607e-05,5,1.441323,2.154465,1627856,10,4,14,,,0
136199_vb,neo,c2776c4,/home/guqqgroup/taoxia/xmvb-runs/all-optimizers-c2776c4/neo/136199_vb,0,neo_projected_gradient_tolerance,davidson,precise integrals by Libcint,hao,cc-pvdz,6,6,175,1,32,-581.824189270425,-582.250783259648,5.25756592e-05,6,2.270106,3.502912,2602908,11,0,11,,,0
14069533_vb,neo,c2776c4,/home/guqqgroup/taoxia/xmvb-runs/all-optimizers-c2776c4/neo/14069533_vb,0,neo_projected_gradient_tolerance,davidson,precise integrals by Libcint,hao,cc-pvdz,8,10,1176,1,32,-477.108979370742,-477.623098308202,2.24588629e-04,5,18.813806,21.422415,6205008,38,6,44,,,0
141780729_vb,neo,c2776c4,/home/guqqgroup/taoxia/xmvb-runs/all-optimizers-c2776c4/neo/141780729_vb,0,neo_projected_gradient_tolerance,davidson,precise integrals by Libcint,hao,cc-pvdz,7,8,490,1,32,-330.390183137466,-330.677016479519,1.68532169e-04,5,1.617667,2.109211,1041712,12,3,15,,,0
141796858_vb,neo,c2776c4,/home/guqqgroup/taoxia/xmvb-runs/all-optimizers-c2776c4/neo/141796858_vb,0,neo_projected_gradient_tolerance,davidson,precise integrals by Libcint,hao,cc-pvdz,7,8,490,1,32,-330.381258709868,-330.681737883253,1.73382560e-04,5,1.692268,2.181342,1191164,13,3,16,,,0
141905057_vb,neo,c2776c4,/home/guqqgroup/taoxia/xmvb-runs/all-optimizers-c2776c4/neo/141905057_vb,0,neo_projected_gradient_tolerance,davidson,precise integrals by Libcint,hao,cc-pvdz,7,8,490,1,32,-330.360335652977,-330.681119855214,2.04166295e-04,5,1.565500,2.059649,1194840,12,3,15,,,0
14203609_vb,neo,c2776c4,/home/guqqgroup/taoxia/xmvb-runs/all-optimizers-c2776c4/neo/14203609_vb,0,neo_projected_gradient_tolerance,davidson,precise integrals by Libcint,hao,cc-pvdz,8,8,1764,1,32,-422.146903188669,-422.609950755982,5.76047373e-05,5,11.220781,12.789818,3417112,10,6,16,,,0
14272_vb,neo,c2776c4,/home/guqqgroup/taoxia/xmvb-runs/all-optimizers-c2776c4/neo/14272_vb,0,neo_projected_gradient_tolerance,davidson,precise integrals by Libcint,hao,cc-pvdz,8,8,1764,1,32,-323.232302402083,-323.599780380002,1.76933515e-04,5,13.778528,14.650790,2204736,16,4,20,,,0
143088562_vb,neo,c2776c4,/home/guqqgroup/taoxia/xmvb-runs/all-optimizers-c2776c4/neo/143088562_vb,0,neo_projected_gradient_tolerance,davidson,precise integrals by Libcint,hao,cc-pvdz,7,8,490,1,32,-330.385522535292,-330.676642403914,1.53199674e-04,5,1.739489,2.213533,1118352,13,3,16,,,0
144909560_vb,neo,c2776c4,/home/guqqgroup/taoxia/xmvb-runs/all-optimizers-c2776c4/neo/144909560_vb,0,neo_projected_gradient_tolerance,davidson,precise integrals by Libcint,hao,cc-pvdz,7,8,490,1,32,-330.358059380055,-330.675926708010,2.14750123e-04,6,4.461265,5.107458,1713028,36,5,41,,,0
14602227_vb,neo,c2776c4,/home/guqqgroup/taoxia/xmvb-runs/all-optimizers-c2776c4/neo/14602227_vb,0,neo_projected_gradient_tolerance,davidson,precise integrals by Libcint,hao,cc-pvdz,9,12,2520,1,32,-497.863927629215,-498.413174150032,2.05862967e-04,5,63.951785,65.591560,3804544,38,7,45,,,0
15271389_vb,neo,c2776c4,/home/guqqgroup/taoxia/xmvb-runs/all-optimizers-c2776c4/neo/15271389_vb,0,neo_projected_gradient_tolerance,davidson,precise integrals by Libcint,hao,cc-pvdz,6,6,175,1,32,-384.241680205525,-384.559835531971,5.45435110e-05,5,1.473441,2.234082,1866248,11,1,12,,,0
15523_vb,neo,c2776c4,/home/guqqgroup/taoxia/xmvb-runs/all-optimizers-c2776c4/neo/15523_vb,0,neo_projected_gradient_tolerance,davidson,precise integrals by Libcint,hao,cc-pvdz,7,8,490,1,32,-422.119636554368,-422.623551619109,1.85375554e-04,5,7.213068,9.677365,5673264,24,3,27,,,0
17016_vb,neo,c2776c4,/home/guqqgroup/taoxia/xmvb-runs/all-optimizers-c2776c4/neo/17016_vb,0,neo_projected_gradient_tolerance,davidson,precise integrals by Libcint,hao,cc-pvdz,7,8,490,1,32,-422.059135095729,-422.621493371710,9.84540698e-05,6,4.220899,6.382219,5360672,13,1,14,,,0
17941270_vb,neo,c2776c4,/home/guqqgroup/taoxia/xmvb-runs/all-optimizers-c2776c4/neo/17941270_vb,0,neo_projected_gradient_tolerance,davidson,precise integrals by Libcint,hao,cc-pvdz,7,8,490,1,32,-423.210947736596,-423.590292667043,1.82651481e-04,5,3.387823,4.937477,3319112,16,3,19,,,0
18457360_vb,neo,c2776c4,/home/guqqgroup/taoxia/xmvb-runs/all-optimizers-c2776c4/neo/18457360_vb,0,neo_projected_gradient_tolerance,davidson,precise integrals by Libcint,hao,cc-pvdz,11,16,2310,1,32,-695.258208103512,-695.934074963528,2.93406578e-04,6,393.395062,396.087437,5197144,56,9,65,,,0
18457362_vb,neo,c2776c4,/home/guqqgroup/taoxia/xmvb-runs/all-optimizers-c2776c4/neo/18457362_vb,0,neo_projected_gradient_tolerance,davidson,precise integrals by Libcint,hao,cc-pvdz,11,16,2310,1,32,-695.239223011177,-695.936337942630,4.08117826e-04,5,274.778159,276.713453,5025708,47,4,51,,,0
18457365_vb,neo,c2776c4,/home/guqqgroup/taoxia/xmvb-runs/all-optimizers-c2776c4/neo/18457365_vb,0,neo_projected_gradient_tolerance,davidson,precise integrals by Libcint,hao,cc-pvdz,10,14,3570,1,32,-596.600469944907,-597.226986425601,1.48935337e-04,6,320.568303,322.466534,4281724,55,5,60,,,0
18457367_vb,neo,c2776c4,/home/guqqgroup/taoxia/xmvb-runs/all-optimizers-c2776c4/neo/18457367_vb,0,neo_projected_gradient_tolerance,davidson,precise integrals by Libcint,hao,cc-pvdz,10,14,3570,1,32,-596.619557197714,-597.234550472327,2.63242596e-04,6,283.987670,285.741992,4289404,52,5,57,,,0
18457372_vb,neo,c2776c4,/home/guqqgroup/taoxia/xmvb-runs/all-optimizers-c2776c4/neo/18457372_vb,0,neo_projected_gradient_tolerance,davidson,precise integrals by Libcint,hao,cc-pvdz,9,12,2520,1,32,-497.895879311052,-498.419155834913,2.01607327e-04,5,100.008424,102.074224,3828600,53,8,61,,,0
18677762_vb,neo,c2776c4,/home/guqqgroup/taoxia/xmvb-runs/all-optimizers-c2776c4/neo/18677762_vb,0,neo_projected_gradient_tolerance,davidson,precise integrals by Libcint,hao,cc-pvdz,8,10,1176,1,32,-473.925543218037,-474.413802167206,2.12197981e-04,5,19.047482,21.044199,3976636,39,8,47,,,0
19863224_vb,neo,c2776c4,/home/guqqgroup/taoxia/xmvb-runs/all-optimizers-c2776c4/neo/19863224_vb,0,neo_projected_gradient_tolerance,davidson,precise integrals by Libcint,hao,cc-pvdz,8,10,1176,1,32,-512.920403445224,-513.445197639751,3.02207804e-04,5,22.409774,25.143985,5683600,43,7,50,,,0
21439_vb,neo,c2776c4,/home/guqqgroup/taoxia/xmvb-runs/all-optimizers-c2776c4/neo/21439_vb,0,neo_projected_gradient_tolerance,davidson,precise integrals by Libcint,hao,cc-pvdz,7,8,490,1,32,-399.121150514219,-399.586441215545,1.38272794e-04,5,12.770819,14.431499,3809016,65,12,77,,,0
21613172_vb,neo,c2776c4,/home/guqqgroup/taoxia/xmvb-runs/all-optimizers-c2776c4/neo/21613172_vb,0,neo_projected_gradient_tolerance,davidson,precise integrals by Libcint,hao,cc-pvdz,7,8,490,1,32,-384.240321010844,-384.571196132098,9.72257263e-05,5,2.143075,2.902977,1869500,12,2,14,,,0
22764375_vb,neo,c2776c4,/home/guqqgroup/taoxia/xmvb-runs/all-optimizers-c2776c4/neo/22764375_vb,0,neo_projected_gradient_tolerance,davidson,precise integrals by Libcint,hao,cc-pvdz,8,10,1176,1,32,-477.083657955610,-477.604825988801,1.04964399e-04,5,21.043235,24.050667,7351172,37,4,41,,,0
240_vb,neo,c2776c4,/home/guqqgroup/taoxia/xmvb-runs/all-optimizers-c2776c4/neo/240_vb,0,neo_projected_gradient_tolerance,davidson,precise integrals by Libcint,hao,cc-pvdz,8,8,1764,1,32,-343.075645212602,-343.446302329760,7.43503876e-05,5,9.937236,10.681076,1858420,10,5,15,,,0
241_VBSCF,neo,c2776c4,/home/guqqgroup/taoxia/xmvb-runs/all-optimizers-c2776c4/neo/241_VBSCF,0,neo_projected_gradient_tolerance,davidson,precise integrals by Libcint,hao,cc-pvdz,6,6,175,1,32,-230.474471728924,-230.720590370317,1.59061715e-04,5,1.888854,2.312789,987360,29,9,38,,,0
241_vb,neo,c2776c4,/home/guqqgroup/taoxia/xmvb-runs/all-optimizers-c2776c4/neo/241_vb,0,neo_projected_gradient_tolerance,davidson,precise integrals by Libcint,hao,cc-pvdz,6,6,175,1,32,-230.490978872503,-230.720590387654,3.80121314e-05,6,0.513530,0.915561,989964,9,0,9,,,0
242722_vb,neo,c2776c4,/home/guqqgroup/taoxia/xmvb-runs/all-optimizers-c2776c4/neo/242722_vb,0,neo_projected_gradient_tolerance,davidson,precise integrals by Libcint,hao,cc-pvdz,7,8,490,1,32,-384.241319708749,-384.574824091094,6.12266047e-05,5,2.113493,2.909013,1859248,12,2,14,,,0
2737403_vb,neo,c2776c4,/home/guqqgroup/taoxia/xmvb-runs/all-optimizers-c2776c4/neo/2737403_vb,0,neo_projected_gradient_tolerance,davidson,precise integrals by Libcint,hao,cc-pvdz,7,8,490,1,32,-384.237994911485,-384.576221391310,1.32707692e-04,5,1.907507,2.557659,1772812,12,3,15,,,0
2762819_vb,neo,c2776c4,/home/guqqgroup/taoxia/xmvb-runs/all-optimizers-c2776c4/neo/2762819_vb,0,neo_projected_gradient_tolerance,davidson,precise integrals by Libcint,hao,cc-pvdz,7,8,490,1,32,-384.243652867421,-384.574092885492,1.01119587e-04,5,2.047613,2.895327,1915352,12,1,13,,,0
2762871_vb,neo,c2776c4,/home/guqqgroup/taoxia/xmvb-runs/all-optimizers-c2776c4/neo/2762871_vb,0,neo_projected_gradient_tolerance,davidson,precise integrals by Libcint,hao,cc-pvdz,8,10,1176,1,32,-444.057957102641,-444.387594462772,1.04412739e-04,5,4.426944,5.148068,1359184,12,2,14,,,0
2762892_vb,neo,c2776c4,/home/guqqgroup/taoxia/xmvb-runs/all-optimizers-c2776c4/neo/2762892_vb,0,neo_projected_gradient_tolerance,davidson,precise integrals by Libcint,hao,cc-pvdz,7,8,490,1,32,-384.227664004493,-384.568464356723,4.88000557e-05,5,1.846638,2.516600,1744660,12,1,13,,,0
2774635_vb,neo,c2776c4,/home/guqqgroup/taoxia/xmvb-runs/all-optimizers-c2776c4/neo/2774635_vb,0,neo_projected_gradient_tolerance,davidson,precise integrals by Libcint,hao,cc-pvdz,7,8,490,1,32,-384.241318185607,-384.574713804027,1.49144744e-04,5,1.923356,2.717336,1797924,11,2,13,,,0
301439_vb,neo,c2776c4,/home/guqqgroup/taoxia/xmvb-runs/all-optimizers-c2776c4/neo/301439_vb,0,neo_projected_gradient_tolerance,davidson,precise integrals by Libcint,hao,cc-pvdz,8,10,1176,1,32,-477.104172893560,-477.626618111703,1.85176644e-04,5,20.702292,23.824455,6758136,38,9,47,,,0
3018667_vb,neo,c2776c4,/home/guqqgroup/taoxia/xmvb-runs/all-optimizers-c2776c4/neo/3018667_vb,0,neo_projected_gradient_tolerance,davidson,precise integrals by Libcint,hao,cc-pvdz,8,10,1176,1,32,-399.095400726247,-399.597689290871,3.85331409e-04,6,16.851697,18.545520,3407144,44,10,54,,,0
335_vb,neo,c2776c4,/home/guqqgroup/taoxia/xmvb-runs/all-optimizers-c2776c4/neo/335_vb,0,neo_projected_gradient_tolerance,davidson,precise integrals by Libcint,hao,cc-pvdz,7,8,490,1,32,-344.213152322564,-344.583151711815,2.32993435e-04,5,2.456663,3.546929,2324464,12,3,15,,,0
345367_vb,neo,c2776c4,/home/guqqgroup/taoxia/xmvb-runs/all-optimizers-c2776c4/neo/345367_vb,0,neo_projected_gradient_tolerance,davidson,precise integrals by Libcint,hao,cc-pvdz,7,8,490,1,32,-384.233160899174,-384.569328107481,1.76941297e-04,5,1.908244,2.580839,1763960,12,3,15,,,0
34857_vb,neo,c2776c4,/home/guqqgroup/taoxia/xmvb-runs/all-optimizers-c2776c4/neo/34857_vb,0,neo_projected_gradient_tolerance,davidson,precise integrals by Libcint,hao,cc-pvdz,7,8,490,1,32,-422.127450938246,-422.625058309397,2.66451265e-04,5,5.172366,7.610839,5530428,16,4,20,,,0
35743_vb,neo,c2776c4,/home/guqqgroup/taoxia/xmvb-runs/all-optimizers-c2776c4/neo/35743_vb,0,neo_projected_gradient_tolerance,davidson,precise integrals by Libcint,hao,cc-pvdz,7,8,490,1,32,-461.100512735973,-461.644243716698,1.72798476e-04,5,9.611658,12.898229,7336936,24,2,26,,,0
413657_vb,neo,c2776c4,/home/guqqgroup/taoxia/xmvb-runs/all-optimizers-c2776c4/neo/413657_vb,0,neo_projected_gradient_tolerance,davidson,precise integrals by Libcint,hao,cc-pvdz,8,10,1176,1,32,-399.083153009711,-399.593587876540,2.99675945e-04,6,13.980443,15.364785,3573160,43,9,52,,,0
519333_vb,neo,c2776c4,/home/guqqgroup/taoxia/xmvb-runs/all-optimizers-c2776c4/neo/519333_vb,0,neo_projected_gradient_tolerance,davidson,precise integrals by Libcint,hao,cc-pvdz,7,8,490,1,32,-422.125900928088,-422.623407386677,2.20036416e-04,5,5.557234,8.243332,5951460,17,3,20,,,0
5283312_vb,neo,c2776c4,/home/guqqgroup/taoxia/xmvb-runs/all-optimizers-c2776c4/neo/5283312_vb,0,neo_projected_gradient_tolerance,davidson,precise integrals by Libcint,hao,cc-pvdz,8,8,1764,1,32,-380.049020427788,-380.400664741960,5.96659903e-05,5,7.703159,8.185472,1311672,9,5,14,,,0
5283331_vb,neo,c2776c4,/home/guqqgroup/taoxia/xmvb-runs/all-optimizers-c2776c4/neo/5283331_vb,0,neo_projected_gradient_tolerance,davidson,precise integrals by Libcint,hao,cc-pvdz,8,8,1764,1,32,-383.177884277969,-383.590918730893,3.60998675e-05,5,9.195457,10.219415,2213920,10,5,15,,,0
5324773_vb,neo,c2776c4,/home/guqqgroup/taoxia/xmvb-runs/all-optimizers-c2776c4/neo/5324773_vb,0,neo_projected_gradient_tolerance,davidson,precise integrals by Libcint,hao,cc-pvdz,7,8,490,1,32,-399.191908871062,-399.591154121357,8.46726977e-05,5,2.554955,3.728427,3046172,12,3,15,,,0
5356793_vb,neo,c2776c4,/home/guqqgroup/taoxia/xmvb-runs/all-optimizers-c2776c4/neo/5356793_vb,0,neo_projected_gradient_tolerance,davidson,precise integrals by Libcint,hao,cc-pvdz,10,12,4830,1,32,-529.682360602764,-530.094184063051,7.64415289e-05,5,5.562416,6.451188,2005328,11,6,17,,,0
5367417_vb,neo,c2776c4,/home/guqqgroup/taoxia/xmvb-runs/all-optimizers-c2776c4/neo/5367417_vb,0,neo_projected_gradient_tolerance,davidson,precise integrals by Libcint,hao,cc-pvdz,6,6,175,1,32,-231.578888260907,-231.841419068440,5.04128654e-05,5,0.760948,1.152958,911336,10,2,12,,,0
57416843_vb,neo,c2776c4,/home/guqqgroup/taoxia/xmvb-runs/all-optimizers-c2776c4/neo/57416843_vb,0,neo_projected_gradient_tolerance,davidson,precise integrals by Libcint,hao,cc-pvdz,9,10,1386,1,32,-421.973079024237,-422.403936325385,1.91971823e-04,5,3.709560,4.696277,2560388,17,3,20,,,0
58904570_vb,neo,c2776c4,/home/guqqgroup/taoxia/xmvb-runs/all-optimizers-c2776c4/neo/58904570_vb,0,neo_projected_gradient_tolerance,davidson,precise integrals by Libcint,hao,cc-pvdz,9,12,2520,1,32,-575.831809218550,-576.460418034357,2.18800753e-04,5,73.792798,77.178010,7357580,39,7,46,,,0
5931_vb,neo,c2776c4,/home/guqqgroup/taoxia/xmvb-runs/all-optimizers-c2776c4/neo/5931_vb,0,neo_projected_gradient_tolerance,davidson,precise integrals by Libcint,hao,cc-pvdz,8,10,1176,1,32,-399.135498918634,-399.579447682338,2.09947098e-04,5,15.348357,16.949814,3364280,38,5,43,,,0
637564_vb,neo,c2776c4,/home/guqqgroup/taoxia/xmvb-runs/all-optimizers-c2776c4/neo/637564_vb,0,neo_projected_gradient_tolerance,davidson,precise integrals by Libcint,hao,cc-pvdz,6,6,175,1,32,-306.398878479836,-306.695267404004,4.94492413e-05,5,1.051324,1.588152,1299192,10,2,12,,,0
640475_vb,neo,c2776c4,/home/guqqgroup/taoxia/xmvb-runs/all-optimizers-c2776c4/neo/640475_vb,0,neo_projected_gradient_tolerance,davidson,precise integrals by Libcint,hao,cc-pvdz,6,6,175,1,32,-483.038787665172,-483.406951819582,2.45331473e-04,5,2.543975,3.587811,2386260,16,1,17,,,0
6429037_vb,neo,c2776c4,/home/guqqgroup/taoxia/xmvb-runs/all-optimizers-c2776c4/neo/6429037_vb,0,neo_projected_gradient_tolerance,davidson,precise integrals by Libcint,hao,cc-pvdz,7,8,490,1,32,-459.893647786579,-460.456405355088,1.77306597e-04,6,8.268006,10.996954,6712700,25,3,28,,,0
6442690_vb,neo,c2776c4,/home/guqqgroup/taoxia/xmvb-runs/all-optimizers-c2776c4/neo/6442690_vb,0,neo_projected_gradient_tolerance,davidson,precise integrals by Libcint,hao,cc-pvdz,8,8,1764,1,32,-380.050035966832,-380.394529739103,3.18906052e-05,5,9.490141,10.094466,1592588,10,5,15,,,0
67970_vb,neo,c2776c4,/home/guqqgroup/taoxia/xmvb-runs/all-optimizers-c2776c4/neo/67970_vb,0,neo_projected_gradient_tolerance,davidson,precise integrals by Libcint,hao,cc-pvdz,9,10,1386,1,32,-441.813926845330,-442.247231397011,1.39202081e-04,5,2.276230,3.165093,2064896,11,4,15,,,0
68009_vb,neo,c2776c4,/home/guqqgroup/taoxia/xmvb-runs/all-optimizers-c2776c4/neo/68009_vb,0,neo_projected_gradient_tolerance,davidson,precise integrals by Libcint,hao,cc-pvdz,9,10,1386,1,32,-441.808824683049,-442.247376658072,1.10219040e-04,5,2.385164,3.222972,2077524,11,4,15,,,0
69138_vb,neo,c2776c4,/home/guqqgroup/taoxia/xmvb-runs/all-optimizers-c2776c4/neo/69138_vb,0,neo_projected_gradient_tolerance,davidson,precise integrals by Libcint,hao,cc-pvdz,8,10,1176,1,32,-399.092145288007,-399.579607636139,1.19996896e-04,5,20.032216,21.618406,3501948,50,9,59,,,0
69331_vb,neo,c2776c4,/home/guqqgroup/taoxia/xmvb-runs/all-optimizers-c2776c4/neo/69331_vb,0,neo_projected_gradient_tolerance,davidson,precise integrals by Libcint,hao,cc-pvdz,7,8,490,1,32,-399.130263908364,-399.585373613220,1.84407447e-04,6,13.223539,14.743484,3440472,72,10,82,,,0
69333_vb,neo,c2776c4,/home/guqqgroup/taoxia/xmvb-runs/all-optimizers-c2776c4/neo/69333_vb,0,neo_projected_gradient_tolerance,davidson,precise integrals by Libcint,hao,cc-pvdz,7,8,490,1,32,-399.095404676618,-399.540627898468,1.58272181e-04,5,21.542202,22.948307,3367420,119,18,137,,,0
6943_vb,neo,c2776c4,/home/guqqgroup/taoxia/xmvb-runs/all-optimizers-c2776c4/neo/6943_vb,0,neo_projected_gradient_tolerance,davidson,precise integrals by Libcint,hao,cc-pvdz,7,8,490,1,32,-422.154731236096,-422.623180030329,1.17805715e-04,5,3.824673,6.067443,5677236,12,3,15,,,0
69560_vb,neo,c2776c4,/home/guqqgroup/taoxia/xmvb-runs/all-optimizers-c2776c4/neo/69560_vb,0,neo_projected_gradient_tolerance,davidson,precise integrals by Libcint,hao,cc-pvdz,8,10,1176,1,32,-457.917138825970,-458.443353594744,1.77682440e-04,5,5.764805,7.444781,4302864,13,4,17,,,0
6997_vb,neo,c2776c4,/home/guqqgroup/taoxia/xmvb-runs/all-optimizers-c2776c4/neo/6997_vb,0,neo_projected_gradient_tolerance,davidson,precise integrals by Libcint,hao,cc-pvdz,7,8,490,1,32,-383.186939978291,-383.603926929344,1.54308107e-04,5,4.314957,6.042477,4101080,17,3,20,,,0
7000_vb,neo,c2776c4,/home/guqqgroup/taoxia/xmvb-runs/all-optimizers-c2776c4/neo/7000_vb,0,neo_projected_gradient_tolerance,davidson,precise integrals by Libcint,hao,cc-pvdz,8,10,1176,1,32,-399.092767071510,-399.577915779035,3.23212459e-04,6,15.362650,16.799031,3514584,47,9,56,,,0
7264_vb,neo,c2776c4,/home/guqqgroup/taoxia/xmvb-runs/all-optimizers-c2776c4/neo/7264_vb,0,neo_projected_gradient_tolerance,davidson,precise integrals by Libcint,hao,cc-pvdz,8,10,1176,1,32,-399.084281735990,-399.595019275061,2.42002519e-04,6,19.250376,20.650881,3496704,48,9,57,,,0
7502_vb,neo,c2776c4,/home/guqqgroup/taoxia/xmvb-runs/all-optimizers-c2776c4/neo/7502_vb,0,neo_projected_gradient_tolerance,davidson,precise integrals by Libcint,hao,cc-pvdz,8,8,1764,1,32,-323.228700047824,-323.601220698946,4.05996605e-05,5,9.775154,10.615605,2066868,10,4,14,,,0
76082_vb,neo,c2776c4,/home/guqqgroup/taoxia/xmvb-runs/all-optimizers-c2776c4/neo/76082_vb,0,neo_projected_gradient_tolerance,davidson,precise integrals by Libcint,hao,cc-pvdz,7,8,490,1,32,-399.114846981422,-399.591314201509,1.30343590e-04,6,4.172814,5.881726,3441888,18,3,21,,,0
7675_vb,neo,c2776c4,/home/guqqgroup/taoxia/xmvb-runs/all-optimizers-c2776c4/neo/7675_vb,0,neo_projected_gradient_tolerance,davidson,precise integrals by Libcint,hao,cc-pvdz,6,6,175,1,32,-399.220901454972,-399.588367934364,1.56109929e-04,5,2.552154,3.963892,3648920,12,3,15,,,0
7725_vb,neo,c2776c4,/home/guqqgroup/taoxia/xmvb-runs/all-optimizers-c2776c4/neo/7725_vb,0,neo_projected_gradient_tolerance,davidson,precise integrals by Libcint,hao,cc-pvdz,8,8,1764,1,32,-382.022412356056,-382.467973840418,8.63756586e-05,6,10.396694,11.688322,2981860,10,4,14,,,0
7732_vb,neo,c2776c4,/home/guqqgroup/taoxia/xmvb-runs/all-optimizers-c2776c4/neo/7732_vb,0,neo_projected_gradient_tolerance,davidson,precise integrals by Libcint,hao,cc-pvdz,8,10,1176,1,32,-399.091980388290,-399.571611992178,1.25957766e-04,6,7.590083,8.938065,3040336,15,5,20,,,0
77417_vb,neo,c2776c4,/home/guqqgroup/taoxia/xmvb-runs/all-optimizers-c2776c4/neo/77417_vb,0,neo_projected_gradient_tolerance,davidson,precise integrals by Libcint,hao,cc-pvdz,6,6,175,1,32,-581.821653835859,-582.249448699277,3.88012154e-05,6,2.336415,3.458465,2568596,12,1,13,,,0
77462_vb,neo,c2776c4,/home/guqqgroup/taoxia/xmvb-runs/all-optimizers-c2776c4/neo/77462_vb,0,neo_projected_gradient_tolerance,davidson,precise integrals by Libcint,hao,cc-pvdz,7,8,490,1,32,-422.127429159947,-422.625083760095,2.14685508e-04,5,4.709174,6.893269,5733408,16,4,20,,,0
7771_vb,neo,c2776c4,/home/guqqgroup/taoxia/xmvb-runs/all-optimizers-c2776c4/neo/7771_vb,0,neo_projected_gradient_tolerance,davidson,precise integrals by Libcint,hao,cc-pvdz,7,8,490,1,32,-383.155848137355,-383.604347330397,1.54345251e-04,5,3.040189,4.580301,3447676,12,3,15,,,0
7948_vb,neo,c2776c4,/home/guqqgroup/taoxia/xmvb-runs/all-optimizers-c2776c4/neo/7948_vb,0,neo_projected_gradient_tolerance,davidson,precise integrals by Libcint,hao,cc-pvdz,7,8,490,1,32,-383.137620764683,-383.605700460416,1.29878078e-04,5,3.802395,5.453264,3806008,16,3,19,,,0
7963_vb,neo,c2776c4,/home/guqqgroup/taoxia/xmvb-runs/all-optimizers-c2776c4/neo/7963_vb,0,neo_projected_gradient_tolerance,davidson,precise integrals by Libcint,hao,cc-pvdz,6,6,175,1,32,-285.451536436393,-285.731743358905,7.35696481e-05,5,1.613158,2.341646,1813692,14,2,16,,,0
7975_vb,neo,c2776c4,/home/guqqgroup/taoxia/xmvb-runs/all-optimizers-c2776c4/neo/7975_vb,0,neo_projected_gradient_tolerance,davidson,precise integrals by Libcint,hao,cc-pvdz,6,6,175,1,32,-285.460991483501,-285.733616898770,9.77531702e-05,4,1.382126,2.058668,1673200,11,3,14,,,0
84499_vb,neo,c2776c4,/home/guqqgroup/taoxia/xmvb-runs/all-optimizers-c2776c4/neo/84499_vb,0,neo_projected_gradient_tolerance,davidson,precise integrals by Libcint,hao,cc-pvdz,7,8,490,1,32,-399.228345111923,-399.593134550552,9.60794562e-05,5,2.641513,3.730811,2953340,13,4,17,,,0
90919_vb,neo,c2776c4,/home/guqqgroup/taoxia/xmvb-runs/all-optimizers-c2776c4/neo/90919_vb,0,neo_projected_gradient_tolerance,davidson,precise integrals by Libcint,hao,cc-pvdz,6,6,175,1,32,-399.210121198948,-399.587065680869,1.05436716e-04,5,3.065232,4.657171,3663944,14,2,16,,,0
C6H6,neo,c2776c4,/home/guqqgroup/taoxia/xmvb-runs/all-optimizers-c2776c4/neo/C6H6,0,neo_projected_gradient_tolerance,davidson,precise integrals by Libcint,hao,cc-pvdz,6,6,5,1,32,-230.529310085585,-230.634508516887,7.23040559e-05,4,0.752276,1.524162,708444,7,0,7,,,0
C6H6.full,neo,c2776c4,/home/guqqgroup/taoxia/xmvb-runs/all-optimizers-c2776c4/neo/C6H6.full,0,neo_projected_gradient_tolerance,davidson,precise integrals by Libcint,hao,cc-pvdz,6,6,175,1,32,-230.596014218311,-230.777284308279,1.33473025e-05,4,0.716715,1.431787,661376,8,0,8,,,0
F2,neo,c2776c4,/home/guqqgroup/taoxia/xmvb-runs/all-optimizers-c2776c4/neo/F2,0,neo_projected_gradient_tolerance,davidson,precise integrals by Libcint,hao,cc-pvdz,2,2,3,1,32,-198.488373554644,-198.751155829492,6.50533582e-05,4,0.103758,0.134954,69528,11,0,11,,,0
F2_OEO,neo,c2776c4,/home/guqqgroup/taoxia/xmvb-runs/all-optimizers-c2776c4/neo/F2_OEO,0,neo_projected_gradient_tolerance,davidson,precise integrals by Libcint,oeo,cc-pvdz,2,2,3,1,32,-198.689396631575,-198.689799668759,1.32390715e-04,2,0.113711,0.142806,69632,18,2,20,,,0
F2_OEO_PYSCF_LOW,neo,c2776c4,/home/guqqgroup/taoxia/xmvb-runs/all-optimizers-c2776c4/neo/F2_OEO_PYSCF_LOW,0,neo_projected_gradient_tolerance,davidson,precise integrals by Libcint,oeo,cc-pvdz,2,2,3,1,32,-198.742949879110,-198.761111239623,3.45701043e-04,3,0.153220,0.182076,69632,25,3,28,,,0
F2_SA2,neo,c2776c4,/home/guqqgroup/taoxia/xmvb-runs/all-optimizers-c2776c4/neo/F2_SA2,0,neo_projected_gradient_tolerance,davidson,precise integrals by Libcint,hao,cc-pvdz,2,2,3,2,32,-198.181011270381,-198.335601329204,7.67626125e-05,4,0.087039,0.118144,67584,10,0,10,,,0
FeCl2,neo,c2776c4,/home/guqqgroup/taoxia/xmvb-runs/all-optimizers-c2776c4/neo/FeCl2,0,neo_projected_gradient_tolerance,davidson,precise integrals by Libcint,oeo,def2-tzvp,8,10,420,1,32,-2181.617631911332,-2181.617639896249,2.30901257e-04,4,4.988980,5.285014,423948,72,0,72,,,0
MnF2,neo,c2776c4,/home/guqqgroup/taoxia/xmvb-runs/all-optimizers-c2776c4/neo/MnF2,0,neo_projected_gradient_tolerance,davidson,precise integrals by Libcint,hao,def2-tzvp,8,9,216,1,32,-1348.299951587446,-1348.893351161935,1.96500337e-04,11,9.548158,9.859770,568928,199,26,225,,,1
csd_BALRIR_vb,neo,c2776c4,/home/guqqgroup/taoxia/xmvb-runs/all-optimizers-c2776c4/neo/csd_BALRIR_vb,0,neo_projected_gradient_tolerance,davidson,precise integrals by Libcint,hao,cc-pvdz,9,10,1386,1,32,-467.559970337148,-468.152859993577,7.40246131e-05,6,3.487958,4.650427,2094536,16,5,21,,,0
csd_BETHAZ01_vb,neo,c2776c4,/home/guqqgroup/taoxia/xmvb-runs/all-optimizers-c2776c4/neo/csd_BETHAZ01_vb,0,neo_projected_gradient_tolerance,davidson,precise integrals by Libcint,hao,cc-pvdz,9,10,1386,1,32,-735.433663208243,-735.887740943605,4.56694076e-04,6,3.538875,4.617831,2003176,19,8,27,,,0
csd_BETKOB_vb,neo,c2776c4,/home/guqqgroup/taoxia/xmvb-runs/all-optimizers-c2776c4/neo/csd_BETKOB_vb,0,neo_projected_gradient_tolerance,davidson,precise integrals by Libcint,hao,cc-pvdz,10,12,4830,1,32,-1132.959155546258,-1133.414228878440,2.55249390e-04,6,7.277478,8.744035,2646860,23,6,29,,,0
csd_BIBYAP_vb,neo,c2776c4,/home/guqqgroup/taoxia/xmvb-runs/all-optimizers-c2776c4/neo/csd_BIBYAP_vb,0,neo_projected_gradient_tolerance,davidson,precise integrals by Libcint,hao,cc-pvdz,6,6,175,1,32,-386.385880190476,-386.802501895609,1.26411574e-04,6,5.160458,7.923934,6456432,14,0,14,,,0
csd_BIPXEG_vb,neo,c2776c4,/home/guqqgroup/taoxia/xmvb-runs/all-optimizers-c2776c4/neo/csd_BIPXEG_vb,0,neo_projected_gradient_tolerance,davidson,precise integrals by Libcint,hao,cc-pvdz,8,8,1764,1,32,-794.220400548124,-794.755243586982,5.10664536e-05,6,12.970953,14.208422,2078272,13,5,18,,,0
csd_BIQJUJ_vb,neo,c2776c4,/home/guqqgroup/taoxia/xmvb-runs/all-optimizers-c2776c4/neo/csd_BIQJUJ_vb,0,neo_projected_gradient_tolerance,davidson,precise integrals by Libcint,hao,cc-pvdz,14,14,429,1,32,-534.375108246946,-535.684065536739,7.00314595e-05,6,2032.655524,2035.462517,7109068,12,2,14,,,0
csd_BIZNOP_vb,neo,c2776c4,/home/guqqgroup/taoxia/xmvb-runs/all-optimizers-c2776c4/neo/csd_BIZNOP_vb,0,neo_projected_gradient_tolerance,davidson,precise integrals by Libcint,hao,cc-pvdz,10,12,4830,1,32,-519.463746610932,-519.989749739788,1.35496121e-04,5,6.064108,6.828513,1618808,13,6,19,,,0
csd_BONKIA_vb,neo,c2776c4,/home/guqqgroup/taoxia/xmvb-runs/all-optimizers-c2776c4/neo/csd_BONKIA_vb,0,neo_projected_gradient_tolerance,davidson,precise integrals by Libcint,hao,cc-pvdz,10,12,4830,1,32,-483.631444213768,-484.213708033861,1.20321403e-04,5,7.060201,8.285097,2282056,13,7,20,,,0
csd_BOQLIC_vb,neo,c2776c4,/home/guqqgroup/taoxia/xmvb-runs/all-optimizers-c2776c4/neo/csd_BOQLIC_vb,0,neo_projected_gradient_tolerance,davidson,precise integrals by Libcint,hao,cc-pvdz,10,12,4830,1,32,-463.800998109602,-464.409442618393,1.66165408e-04,5,5.408075,6.413161,1917844,13,10,23,,,0
csd_BOVTAJ_vb,neo,c2776c4,/home/guqqgroup/taoxia/xmvb-runs/all-optimizers-c2776c4/neo/csd_BOVTAJ_vb,0,neo_projected_gradient_tolerance,davidson,precise integrals by Libcint,hao,cc-pvdz,10,12,4830,1,32,-415.710415867900,-416.441244002402,1.00124396e-04,6,8.426220,9.914950,2576512,14,7,21,,,0
csd_BUCKEQ_vb,neo,c2776c4,/home/guqqgroup/taoxia/xmvb-runs/all-optimizers-c2776c4/neo/csd_BUCKEQ_vb,0,neo_projected_gradient_tolerance,davidson,precise integrals by Libcint,hao,cc-pvdz,10,12,4830,1,32,-1098.668402839922,-1100.160182551585,1.18852440e-04,7,9.580432,10.933897,2470936,27,13,40,,,1
csd_BUDKUH_vb,neo,c2776c4,/home/guqqgroup/taoxia/xmvb-runs/all-optimizers-c2776c4/neo/csd_BUDKUH_vb,0,neo_projected_gradient_tolerance,davidson,precise integrals by Libcint,hao,cc-pvdz,10,10,1302,1,32,-415.911498160509,-416.443509349030,6.62464295e-05,5,6.136423,7.304662,2930164,10,5,15,,,0
csd_BUPTOP_vb,neo,c2776c4,/home/guqqgroup/taoxia/xmvb-runs/all-optimizers-c2776c4/neo/csd_BUPTOP_vb,0,neo_projected_gradient_tolerance,davidson,precise integrals by Libcint,hao,cc-pvdz,8,10,1176,1,32,-1024.189421338385,-1024.541952946859,2.18788521e-04,6,7.284825,8.672937,1551124,21,1,22,,,0
csd_BZDMAZ13_vb,neo,c2776c4,/home/guqqgroup/taoxia/xmvb-runs/all-optimizers-c2776c4/neo/csd_BZDMAZ13_vb,0,neo_projected_gradient_tolerance,davidson,precise integrals by Libcint,hao,cc-pvdz,9,10,1386,1,32,-376.916730743676,-377.432544199403,7.15662813e-05,6,3.043855,3.921539,1863768,12,7,19,,,0
csd_CACTAD02_vb,neo,c2776c4,/home/guqqgroup/taoxia/xmvb-runs/all-optimizers-c2776c4/neo/csd_CACTAD02_vb,0,neo_projected_gradient_tolerance,davidson,precise integrals by Libcint,hao,cc-pvdz,9,10,1386,1,32,-392.978910815878,-393.385795223248,7.99561167e-05,5,2.575748,3.466010,2143752,12,5,17,,,0
csd_CAKNOU_vb,neo,c2776c4,/home/guqqgroup/taoxia/xmvb-runs/all-optimizers-c2776c4/neo/csd_CAKNOU_vb,0,neo_projected_gradient_tolerance,davidson,precise integrals by Libcint,hao,cc-pvdz,9,10,1386,1,32,-392.945997079680,-393.414940936933,7.70520323e-05,5,2.438524,3.172497,1607684,12,6,18,,,0
csd_CAKRUB11_vb,neo,c2776c4,/home/guqqgroup/taoxia/xmvb-runs/all-optimizers-c2776c4/neo/csd_CAKRUB11_vb,0,neo_projected_gradient_tolerance,davidson,precise integrals by Libcint,hao,cc-pvdz,10,10,1302,1,32,-382.686147488969,-383.319957006026,5.75759233e-05,6,6.118327,7.264679,2549248,10,4,14,,,0
csd_CBITAZ_vb,neo,c2776c4,/home/guqqgroup/taoxia/xmvb-runs/all-optimizers-c2776c4/neo/csd_CBITAZ_vb,0,neo_projected_gradient_tolerance,davidson,precise integrals by Libcint,hao,cc-pvdz,10,12,4830,1,32,-1178.284439229488,-1178.812295243384,1.55746408e-04,6,8.039102,9.170253,1999512,31,8,39,,,0
csd_CEGSAK_vb,neo,c2776c4,/home/guqqgroup/taoxia/xmvb-runs/all-optimizers-c2776c4/neo/csd_CEGSAK_vb,0,neo_projected_gradient_tolerance,davidson,precise integrals by Libcint,hao,cc-pvdz,9,10,1386,1,32,-396.749700411743,-397.214512538873,1.37197948e-04,5,3.123579,4.112212,2011904,13,7,20,,,0
csd_CERRAS_vb,neo,c2776c4,/home/guqqgroup/taoxia/xmvb-runs/all-optimizers-c2776c4/neo/csd_CERRAS_vb,0,neo_projected_gradient_tolerance,davidson,precise integrals by Libcint,hao,cc-pvdz,11,12,462,1,32,-396.560955564224,-397.093434915131,2.82583370e-04,5,27.454327,28.305941,2129412,31,6,37,,,0
csd_CIKCIJ_vb,neo,c2776c4,/home/guqqgroup/taoxia/xmvb-runs/all-optimizers-c2776c4/neo/csd_CIKCIJ_vb,0,neo_projected_gradient_tolerance,davidson,precise integrals by Libcint,hao,cc-pvdz,8,8,1764,1,32,-810.237991078839,-810.740847464849,4.38388521e-05,6,12.590021,13.918554,2091292,14,3,17,,,0
csd_CIPSIG_vb,neo,c2776c4,/home/guqqgroup/taoxia/xmvb-runs/all-optimizers-c2776c4/neo/csd_CIPSIG_vb,0,neo_projected_gradient_tolerance,davidson,precise integrals by Libcint,hao,cc-pvdz,10,12,4830,1,32,-851.790867388906,-852.319797818849,1.76218695e-04,6,8.581378,10.014733,2428424,24,10,34,,,0
csd_CISGIW_vb,neo,c2776c4,/home/guqqgroup/taoxia/xmvb-runs/all-optimizers-c2776c4/neo/csd_CISGIW_vb,0,neo_projected_gradient_tolerance,davidson,precise integrals by Libcint,hao,cc-pvdz,10,12,4830,1,32,-819.761158240213,-820.344670106353,1.92956498e-04,6,8.939754,10.312261,2516524,24,9,33,,,0
csd_CMBTDZ_vb,neo,c2776c4,/home/guqqgroup/taoxia/xmvb-runs/all-optimizers-c2776c4/neo/csd_CMBTDZ_vb,0,neo_projected_gradient_tolerance,davidson,precise integrals by Libcint,hao,cc-pvdz,10,12,4830,1,32,-1194.300414195986,-1194.784646490503,2.63182892e-04,6,9.965663,11.345862,2642100,40,9,49,,,0
csd_CONYAH_vb,neo,c2776c4,/home/guqqgroup/taoxia/xmvb-runs/all-optimizers-c2776c4/neo/csd_CONYAH_vb,0,neo_projected_gradient_tolerance,davidson,precise integrals by Libcint,hao,cc-pvdz,8,8,1764,1,32,-343.008050861649,-343.417822701423,3.66077237e-05,5,8.180267,8.867807,1741364,11,5,16,,,0
csd_CORJOK_vb,neo,c2776c4,/home/guqqgroup/taoxia/xmvb-runs/all-optimizers-c2776c4/neo/csd_CORJOK_vb,0,neo_projected_gradient_tolerance,davidson,precise integrals by Libcint,hao,cc-pvdz,10,12,4830,1,32,-451.657616961149,-452.248822153996,6.88860223e-05,6,7.350614,8.470975,2095848,15,7,22,,,0
csd_COTJAZ_vb,neo,c2776c4,/home/guqqgroup/taoxia/xmvb-runs/all-optimizers-c2776c4/neo/csd_COTJAZ_vb,0,neo_projected_gradient_tolerance,davidson,precise integrals by Libcint,hao,cc-pvdz,10,12,4830,1,32,-822.451789782399,-822.850707157963,2.67248786e-04,6,8.063259,9.405983,1796416,20,7,27,,,0
csd_DAMDAZ_vb,neo,c2776c4,/home/guqqgroup/taoxia/xmvb-runs/all-optimizers-c2776c4/neo/csd_DAMDAZ_vb,0,neo_projected_gradient_tolerance,davidson,precise integrals by Libcint,hao,cc-pvdz,9,10,1386,1,32,-408.988237901081,-409.382441566434,1.14201745e-04,5,2.472217,3.999734,1656272,12,7,19,,,0
csd_DATTEZ_vb,neo,c2776c4,/home/guqqgroup/taoxia/xmvb-runs/all-optimizers-c2776c4/neo/csd_DATTEZ_vb,,,,precise integrals by Libcint,hao,cc-pvdz,16,16,1430,1,,,,,,,,,,,,,,
csd_DATTID_vb,neo,c2776c4,/home/guqqgroup/taoxia/xmvb-runs/all-optimizers-c2776c4/neo/csd_DATTID_vb,,,,precise integrals by Libcint,hao,cc-pvdz,16,16,1430,1,,,,,,,,,,,,,,
csd_DAZNAQ_vb,neo,c2776c4,/home/guqqgroup/taoxia/xmvb-runs/all-optimizers-c2776c4/neo/csd_DAZNAQ_vb,0,neo_projected_gradient_tolerance,davidson,precise integrals by Libcint,hao,cc-pvdz,10,10,1302,1,32,-414.736822032256,-415.287035101243,9.48559556e-05,5,6.660318,7.774005,2437040,10,6,16,,,0
csd_DAZNAR_vb,neo,c2776c4,/home/guqqgroup/taoxia/xmvb-runs/all-optimizers-c2776c4/neo/csd_DAZNAR_vb,0,neo_projected_gradient_tolerance,davidson,precise integrals by Libcint,hao,cc-pvdz,10,10,1302,1,32,-414.731987273893,-415.291827387174,5.80189745e-05,5,7.122313,8.459469,2152024,10,5,15,,,0
csd_DEXRIH_vb,neo,c2776c4,/home/guqqgroup/taoxia/xmvb-runs/all-optimizers-c2776c4/neo/csd_DEXRIH_vb,0,neo_projected_gradient_tolerance,davidson,precise integrals by Libcint,hao,cc-pvdz,6,6,175,1,32,-402.363888667043,-402.799286151382,1.82396671e-04,6,4.566237,7.058090,5882112,13,2,15,,,0
csd_DIOXAZ10_vb,neo,c2776c4,/home/guqqgroup/taoxia/xmvb-runs/all-optimizers-c2776c4/neo/csd_DIOXAZ10_vb,0,neo_projected_gradient_tolerance,davidson,precise integrals by Libcint,hao,cc-pvdz,10,12,4830,1,32,-487.486756987749,-487.997469576071,6.89395013e-05,6,7.005371,7.917690,1832868,17,10,27,,,0
csd_DIYWUE_vb,neo,c2776c4,/home/guqqgroup/taoxia/xmvb-runs/all-optimizers-c2776c4/neo/csd_DIYWUE_vb,0,neo_projected_gradient_tolerance,davidson,precise integrals by Libcint,hao,cc-pvdz,10,12,4830,1,32,-867.813843606622,-868.308773065893,2.63900495e-04,6,8.506012,9.657778,2205004,24,11,35,,,0
csd_DOTKEE_vb,neo,c2776c4,/home/guqqgroup/taoxia/xmvb-runs/all-optimizers-c2776c4/neo/csd_DOTKEE_vb,0,neo_projected_gradient_tolerance,davidson,precise integrals by Libcint,hao,cc-pvdz,10,12,4830,1,32,-1076.701668051682,-1077.190364640506,3.28688569e-04,6,7.600484,9.172981,2599972,25,6,31,,,0
csd_DOZLEL_vb,neo,c2776c4,/home/guqqgroup/taoxia/xmvb-runs/all-optimizers-c2776c4/neo/csd_DOZLEL_vb,0,neo_projected_gradient_tolerance,davidson,precise integrals by Libcint,hao,cc-pvdz,10,12,4830,1,32,-851.833251314481,-852.302818210898,1.90116854e-04,6,9.443145,10.874579,2586644,24,9,33,,,0
csd_DUDFUF_vb,neo,c2776c4,/home/guqqgroup/taoxia/xmvb-runs/all-optimizers-c2776c4/neo/csd_DUDFUF_vb,0,neo_projected_gradient_tolerance,davidson,precise integrals by Libcint,hao,cc-pvdz,10,12,4830,1,32,-774.413002272755,-774.913121883732,1.86004320e-04,6,9.255958,10.554362,2700440,24,5,29,,,0
csd_ESABEF_vb,neo,c2776c4,/home/guqqgroup/taoxia/xmvb-runs/all-optimizers-c2776c4/neo/csd_ESABEF_vb,0,neo_projected_gradient_tolerance,davidson,precise integrals by Libcint,hao,cc-pvdz,10,12,4830,1,32,-463.812840800072,-464.431144651251,1.35930741e-04,5,6.672115,7.831434,1883288,13,8,21,,,0
csd_FAJVIV_vb,neo,c2776c4,/home/guqqgroup/taoxia/xmvb-runs/all-optimizers-c2776c4/neo/csd_FAJVIV_vb,0,neo_projected_gradient_tolerance,davidson,precise integrals by Libcint,hao,cc-pvdz,9,10,1386,1,32,-397.961809766717,-398.418103085087,1.58502860e-04,5,3.131036,4.018350,2042112,12,5,17,,,0
csd_FAPZOO_vb,neo,c2776c4,/home/guqqgroup/taoxia/xmvb-runs/all-optimizers-c2776c4/neo/csd_FAPZOO_vb,0,neo_projected_gradient_tolerance,davidson,precise integrals by Libcint,hao,cc-pvdz,10,12,4830,1,32,-511.788649994468,-512.312112754761,8.28997254e-05,5,4.391827,5.134061,1659588,12,5,17,,,0
csd_FEDBOF_vb,neo,c2776c4,/home/guqqgroup/taoxia/xmvb-runs/all-optimizers-c2776c4/neo/csd_FEDBOF_vb,0,neo_projected_gradient_tolerance,davidson,precise integrals by Libcint,hao,cc-pvdz,10,12,4830,1,32,-447.823846359264,-448.435280245143,1.32315651e-04,6,6.002153,7.013820,2122112,14,10,24,,,0
csd_FERGAM_vb,neo,c2776c4,/home/guqqgroup/taoxia/xmvb-runs/all-optimizers-c2776c4/neo/csd_FERGAM_vb,0,neo_projected_gradient_tolerance,davidson,precise integrals by Libcint,hao,cc-pvdz,10,12,4830,1,32,-1100.908556162892,-1101.429036067216,1.35776933e-04,6,11.129087,13.206614,3778344,28,6,34,,,0
csd_FICPUD01_vb,neo,c2776c4,/home/guqqgroup/taoxia/xmvb-runs/all-optimizers-c2776c4/neo/csd_FICPUD01_vb,0,neo_projected_gradient_tolerance,davidson,precise integrals by Libcint,hao,cc-pvdz,8,8,1764,1,32,-451.670664024396,-452.240399227806,1.59862226e-04,5,16.059303,17.488923,3634244,21,4,25,,,0
csd_FIQTIK_vb,neo,c2776c4,/home/guqqgroup/taoxia/xmvb-runs/all-optimizers-c2776c4/neo/csd_FIQTIK_vb,0,neo_projected_gradient_tolerance,davidson,precise integrals by Libcint,hao,cc-pvdz,9,10,1386,1,32,-408.936023337694,-409.357926181670,8.72096963e-05,5,2.759515,3.683034,1817356,12,6,18,,,0
csd_FOFBAD_vb,neo,c2776c4,/home/guqqgroup/taoxia/xmvb-runs/all-optimizers-c2776c4/neo/csd_FOFBAD_vb,0,neo_projected_gradient_tolerance,davidson,precise integrals by Libcint,hao,cc-pvdz,7,8,490,1,32,-285.401600665881,-285.732602406386,2.81197486e-04,6,7.472279,8.213263,1738632,62,14,76,,,0
csd_GAPQAR_vb,neo,c2776c4,/home/guqqgroup/taoxia/xmvb-runs/all-optimizers-c2776c4/neo/csd_GAPQAR_vb,0,neo_projected_gradient_tolerance,davidson,precise integrals by Libcint,hao,cc-pvdz,9,10,1386,1,32,-452.837776000790,-453.424553263027,1.26779439e-04,6,13.429559,15.006947,4151924,68,28,96,,,0
csd_GEMYIG_vb,neo,c2776c4,/home/guqqgroup/taoxia/xmvb-runs/all-optimizers-c2776c4/neo/csd_GEMYIG_vb,0,neo_projected_gradient_tolerance,davidson,precise integrals by Libcint,hao,cc-pvdz,9,10,1386,1,32,-472.602740864431,-473.205926299294,1.62136525e-04,5,4.128419,5.543941,3214516,13,6,19,,,0
csd_GETGIY_vb,neo,c2776c4,/home/guqqgroup/taoxia/xmvb-runs/all-optimizers-c2776c4/neo/csd_GETGIY_vb,0,neo_projected_gradient_tolerance,davidson,precise integrals by Libcint,hao,cc-pvdz,10,12,4830,1,32,-451.682455479622,-452.273312107053,1.75803753e-04,5,6.061509,7.203022,2083568,12,7,19,,,0
csd_GIZQUD_vb,neo,c2776c4,/home/guqqgroup/taoxia/xmvb-runs/all-optimizers-c2776c4/neo/csd_GIZQUD_vb,0,neo_projected_gradient_tolerance,davidson,precise integrals by Libcint,hao,cc-pvdz,10,12,4830,1,32,-819.760481113573,-820.344753341976,2.08281908e-04,6,10.689791,12.409963,2934880,24,11,35,,,0
csd_GONMUR_vb,neo,c2776c4,/home/guqqgroup/taoxia/xmvb-runs/all-optimizers-c2776c4/neo/csd_GONMUR_vb,0,neo_projected_gradient_tolerance,davidson,precise integrals by Libcint,hao,cc-pvdz,9,10,1386,1,32,-396.778657942625,-397.237025405568,7.96062277e-05,5,2.475037,3.328586,2084024,13,8,21,,,0
csd_HAKLAI_vb,neo,c2776c4,/home/guqqgroup/taoxia/xmvb-runs/all-optimizers-c2776c4/neo/csd_HAKLAI_vb,0,neo_projected_gradient_tolerance,davidson,precise integrals by Libcint,hao,cc-pvdz,10,10,1302,1,32,-418.513910999347,-419.001782987595,6.74486997e-05,5,5.714919,6.565890,1964536,11,5,16,,,0
csd_HEBWOD_vb,neo,c2776c4,/home/guqqgroup/taoxia/xmvb-runs/all-optimizers-c2776c4/neo/csd_HEBWOD_vb,0,neo_projected_gradient_tolerance,davidson,precise integrals by Libcint,hao,cc-pvdz,10,12,4830,1,32,-1100.953635702509,-1101.427560065506,2.49939990e-04,6,8.253766,9.798576,2844968,26,7,33,,,0
csd_HESRAZ_vb,neo,c2776c4,/home/guqqgroup/taoxia/xmvb-runs/all-optimizers-c2776c4/neo/csd_HESRAZ_vb,0,neo_projected_gradient_tolerance,davidson,precise integrals by Libcint,hao,cc-pvdz,9,10,1386,1,32,-417.796192519919,-418.247878400818,1.70934424e-04,5,3.282360,4.318779,2142480,12,5,17,,,0
csd_HEVLID_vb,neo,c2776c4,/home/guqqgroup/taoxia/xmvb-runs/all-optimizers-c2776c4/neo/csd_HEVLID_vb,0,neo_projected_gradient_tolerance,davidson,precise integrals by Libcint,hao,cc-pvdz,9,10,1386,1,32,-360.969858485990,-361.420291116820,1.32331951e-04,6,3.710153,4.897472,2458772,12,4,16,,,0
csd_HEXMOP_vb,neo,c2776c4,/home/guqqgroup/taoxia/xmvb-runs/all-optimizers-c2776c4/neo/csd_HEXMOP_vb,0,neo_projected_gradient_tolerance,davidson,precise integrals by Libcint,hao,cc-pvdz,10,12,4830,1,32,-867.681491278146,-868.275320355550,2.98004785e-04,6,8.841389,10.162859,2087988,25,9,34,,,0
csd_HEXMUV_vb,neo,c2776c4,/home/guqqgroup/taoxia/xmvb-runs/all-optimizers-c2776c4/neo/csd_HEXMUV_vb,0,neo_projected_gradient_tolerance,davidson,precise integrals by Libcint,hao,cc-pvdz,10,12,4830,1,32,-483.696746439119,-484.230976375871,1.70418136e-04,5,5.765685,6.755568,1745004,12,7,19,,,0
csd_HEXNIK_vb,neo,c2776c4,/home/guqqgroup/taoxia/xmvb-runs/all-optimizers-c2776c4/neo/csd_HEXNIK_vb,0,neo_projected_gradient_tolerance,davidson,precise integrals by Libcint,hao,cc-pvdz,10,12,4830,1,32,-867.706760011349,-868.269296842267,1.95233559e-04,6,7.901566,9.361302,2063540,24,10,34,,,0
csd_HIMRIH_vb,neo,c2776c4,/home/guqqgroup/taoxia/xmvb-runs/all-optimizers-c2776c4/neo/csd_HIMRIH_vb,0,neo_projected_gradient_tolerance,davidson,precise integrals by Libcint,hao,cc-pvdz,10,14,3570,1,32,-1973.922228693175,-1974.292356164868,1.96529009e-04,6,192.045402,193.563366,1910716,40,5,45,,,0
csd_HIRJIC_vb,neo,c2776c4,/home/guqqgroup/taoxia/xmvb-runs/all-optimizers-c2776c4/neo/csd_HIRJIC_vb,0,neo_projected_gradient_tolerance,davidson,precise integrals by Libcint,hao,cc-pvdz,10,12,4830,1,32,-463.811205271790,-464.418297559195,7.00834929e-05,6,7.067435,8.144801,2002364,15,10,25,,,0
csd_HIZYUM_vb,neo,c2776c4,/home/guqqgroup/taoxia/xmvb-runs/all-optimizers-c2776c4/neo/csd_HIZYUM_vb,0,neo_projected_gradient_tolerance,davidson,precise integrals by Libcint,hao,cc-pvdz,9,10,1386,1,32,-392.987777199488,-393.402006099070,1.81089990e-04,5,2.584889,3.527419,2006264,11,7,18,,,0
csd_HIZZEX_vb,neo,c2776c4,/home/guqqgroup/taoxia/xmvb-runs/all-optimizers-c2776c4/neo/csd_HIZZEX_vb,0,neo_projected_gradient_tolerance,davidson,precise integrals by Libcint,hao,cc-pvdz,9,10,1386,1,32,-392.937820504657,-393.413984805892,5.49310473e-05,5,2.734769,3.672890,1610452,12,6,18,,,0
csd_HOGPAX_vb,neo,c2776c4,/home/guqqgroup/taoxia/xmvb-runs/all-optimizers-c2776c4/neo/csd_HOGPAX_vb,0,neo_projected_gradient_tolerance,davidson,precise integrals by Libcint,hao,cc-pvdz,10,12,4830,1,32,-507.746434278371,-508.212142103010,8.52398687e-05,5,4.853181,5.681384,1633500,12,11,23,,,0
csd_IFOTIH_vb,neo,c2776c4,/home/guqqgroup/taoxia/xmvb-runs/all-optimizers-c2776c4/neo/csd_IFOTIH_vb,0,neo_projected_gradient_tolerance,davidson,precise integrals by Libcint,hao,cc-pvdz,9,10,1386,1,32,-376.881195967874,-377.412728480826,5.46983063e-05,6,3.632580,4.743422,2267948,13,5,18,,,0
csd_IFOVEG_vb,neo,c2776c4,/home/guqqgroup/taoxia/xmvb-runs/all-optimizers-c2776c4/neo/csd_IFOVEG_vb,0,neo_projected_gradient_tolerance,davidson,precise integrals by Libcint,hao,cc-pvdz,10,12,4830,1,32,-867.793176485767,-868.308662771372,2.05271746e-04,6,7.659139,8.904323,1893620,22,11,33,,,0
csd_IGANIQ_vb,neo,c2776c4,/home/guqqgroup/taoxia/xmvb-runs/all-optimizers-c2776c4/neo/csd_IGANIQ_vb,0,neo_projected_gradient_tolerance,davidson,precise integrals by Libcint,hao,cc-pvdz,10,12,4830,1,32,-491.372726558356,-491.882626872328,1.63285995e-04,5,7.158356,8.789257,2415252,16,9,25,,,0
csd_IMTRAZ_vb,neo,c2776c4,/home/guqqgroup/taoxia/xmvb-runs/all-optimizers-c2776c4/neo/csd_IMTRAZ_vb,0,neo_projected_gradient_tolerance,davidson,precise integrals by Libcint,hao,cc-pvdz,9,10,1386,1,32,-408.962590672534,-409.363964152350,5.99835604e-05,5,2.943848,4.036823,1876448,12,5,17,,,0
csd_IQOXET_vb,neo,c2776c4,/home/guqqgroup/taoxia/xmvb-runs/all-optimizers-c2776c4/neo/csd_IQOXET_vb,0,neo_projected_gradient_tolerance,davidson,precise integrals by Libcint,hao,cc-pvdz,14,14,429,1,32,-612.105744699281,-613.724638888762,3.08396922e-05,6,2377.187925,2383.211837,12137748,13,2,15,,,0
csd_IZIHOO_vb,neo,c2776c4,/home/guqqgroup/taoxia/xmvb-runs/all-optimizers-c2776c4/neo/csd_IZIHOO_vb,0,neo_projected_gradient_tolerance,davidson,precise integrals by Libcint,hao,cc-pvdz,10,10,1302,1,32,-398.720578295822,-399.306444384890,9.41775864e-05,5,10.200846,11.380851,2332232,10,6,16,,,0
csd_JAZZOZ10_vb,neo,c2776c4,/home/guqqgroup/taoxia/xmvb-runs/all-optimizers-c2776c4/neo/csd_JAZZOZ10_vb,0,neo_projected_gradient_tolerance,davidson,precise integrals by Libcint,hao,cc-pvdz,10,12,4830,1,32,-463.817943157451,-464.431126610007,1.00194915e-04,6,6.555639,7.572700,1832104,13,8,21,,,0
csd_JESPAY02_vb,neo,c2776c4,/home/guqqgroup/taoxia/xmvb-runs/all-optimizers-c2776c4/neo/csd_JESPAY02_vb,0,neo_projected_gradient_tolerance,davidson,precise integrals by Libcint,hao,cc-pvdz,9,10,1386,1,32,-376.894655934998,-377.426275235373,7.48986664e-05,6,2.559708,3.395705,1973796,12,7,19,,,0
csd_KAGQAN_vb,neo,c2776c4,/home/guqqgroup/taoxia/xmvb-runs/all-optimizers-c2776c4/neo/csd_KAGQAN_vb,0,neo_projected_gradient_tolerance,davidson,precise integrals by Libcint,hao,cc-pvdz,9,10,1386,1,32,-392.880358198846,-393.401479412538,7.37294735e-05,5,2.790094,3.716191,1845852,12,7,19,,,0
csd_KASKIA_vb,neo,c2776c4,/home/guqqgroup/taoxia/xmvb-runs/all-optimizers-c2776c4/neo/csd_KASKIA_vb,0,neo_projected_gradient_tolerance,davidson,precise integrals by Libcint,hao,cc-pvdz,7,8,490,1,32,-401.086055978074,-401.618208083258,4.05142793e-04,5,10.412864,12.586274,5662404,43,6,49,,,0
csd_KAVNOK_vb,neo,c2776c4,/home/guqqgroup/taoxia/xmvb-runs/all-optimizers-c2776c4/neo/csd_KAVNOK_vb,0,neo_projected_gradient_tolerance,davidson,precise integrals by Libcint,hao,cc-pvdz,9,10,1386,1,32,-376.976389623451,-377.419392403867,8.97030973e-05,5,3.265201,4.381433,2217532,12,7,19,,,0
csd_KERCIU_vb,neo,c2776c4,/home/guqqgroup/taoxia/xmvb-runs/all-optimizers-c2776c4/neo/csd_KERCIU_vb,0,neo_projected_gradient_tolerance,davidson,precise integrals by Libcint,hao,cc-pvdz,9,10,1386,1,32,-467.559970337148,-468.152859993577,7.40246131e-05,6,3.031131,4.058617,2048308,16,5,21,,,0
csd_KIGVEE_vb,neo,c2776c4,/home/guqqgroup/taoxia/xmvb-runs/all-optimizers-c2776c4/neo/csd_KIGVEE_vb,0,neo_projected_gradient_tolerance,davidson,precise integrals by Libcint,hao,cc-pvdz,9,10,1386,1,32,-376.915413670786,-377.420377565382,8.81021970e-05,6,3.124845,4.848417,1936256,12,6,18,,,0
csd_KIYBUQ_vb,neo,c2776c4,/home/guqqgroup/taoxia/xmvb-runs/all-optimizers-c2776c4/neo/csd_KIYBUQ_vb,0,neo_projected_gradient_tolerance,davidson,precise integrals by Libcint,hao,cc-pvdz,10,12,4830,1,32,-1132.906954732482,-1133.418324518549,2.09899253e-04,6,10.168126,11.773888,2629440,23,4,27,,,0
csd_KOLHUP_vb,neo,c2776c4,/home/guqqgroup/taoxia/xmvb-runs/all-optimizers-c2776c4/neo/csd_KOLHUP_vb,0,neo_projected_gradient_tolerance,davidson,precise integrals by Libcint,hao,cc-pvdz,10,12,4830,1,32,-415.762755646081,-416.447605012577,2.08904544e-04,6,33.424911,35.452772,4354812,109,42,151,,,0
csd_KUVJIV_vb,neo,c2776c4,/home/guqqgroup/taoxia/xmvb-runs/all-optimizers-c2776c4/neo/csd_KUVJIV_vb,0,neo_projected_gradient_tolerance,davidson,precise integrals by Libcint,hao,cc-pvdz,10,10,1302,1,32,-414.725482435593,-415.292102775228,6.01302420e-05,5,6.798804,8.097508,2224216,10,5,15,,,0
csd_LEBMUB_vb,neo,c2776c4,/home/guqqgroup/taoxia/xmvb-runs/all-optimizers-c2776c4/neo/csd_LEBMUB_vb,0,neo_projected_gradient_tolerance,davidson,precise integrals by Libcint,hao,cc-pvdz,10,12,4830,1,32,-883.759096832838,-884.217825031738,2.23041635e-04,6,8.203781,9.437626,2022252,25,12,37,,,0
csd_LIDPUK_vb,neo,c2776c4,/home/guqqgroup/taoxia/xmvb-runs/all-optimizers-c2776c4/neo/csd_LIDPUK_vb,0,neo_projected_gradient_tolerance,davidson,precise integrals by Libcint,hao,cc-pvdz,10,12,4830,1,32,-459.684184016056,-460.275232233202,1.34890665e-04,6,6.731963,8.176638,2769004,12,5,17,,,0
csd_LIJXOR_vb,neo,c2776c4,/home/guqqgroup/taoxia/xmvb-runs/all-optimizers-c2776c4/neo/csd_LIJXOR_vb,0,neo_projected_gradient_tolerance,davidson,precise integrals by Libcint,hao,cc-pvdz,10,12,4830,1,32,-1132.961677658967,-1133.407575803154,3.78518352e-04,6,9.205767,11.059555,2552904,24,8,32,,,0
csd_LIKLEY_vb,neo,c2776c4,/home/guqqgroup/taoxia/xmvb-runs/all-optimizers-c2776c4/neo/csd_LIKLEY_vb,0,neo_projected_gradient_tolerance,davidson,precise integrals by Libcint,hao,cc-pvdz,10,12,4830,1,32,-511.868159982777,-512.294585419994,1.20112675e-04,5,5.752974,6.828320,1643176,12,6,18,,,0
csd_LOFLEA_vb,neo,c2776c4,/home/guqqgroup/taoxia/xmvb-runs/all-optimizers-c2776c4/neo/csd_LOFLEA_vb,0,neo_projected_gradient_tolerance,davidson,precise integrals by Libcint,hao,cc-pvdz,12,12,132,1,32,-398.533053305346,-399.106646043258,2.07909128e-04,5,56.057513,57.214518,2995680,23,0,23,,,0
csd_LOTYIE_vb,neo,c2776c4,/home/guqqgroup/taoxia/xmvb-runs/all-optimizers-c2776c4/neo/csd_LOTYIE_vb,0,neo_projected_gradient_tolerance,davidson,precise integrals by Libcint,hao,cc-pvdz,10,12,4830,1,32,-835.765940112667,-836.326265332078,1.69324890e-04,6,8.566101,9.859230,2058260,22,9,31,,,0
csd_LOYMUH_vb,neo,c2776c4,/home/guqqgroup/taoxia/xmvb-runs/all-optimizers-c2776c4/neo/csd_LOYMUH_vb,0,neo_projected_gradient_tolerance,davidson,precise integrals by Libcint,hao,cc-pvdz,9,10,1386,1,32,-408.986218412922,-409.374941156045,9.19643698e-05,5,2.692840,3.637170,1755620,12,5,17,,,0
csd_LUGFEA_vb,neo,c2776c4,/home/guqqgroup/taoxia/xmvb-runs/all-optimizers-c2776c4/neo/csd_LUGFEA_vb,0,neo_projected_gradient_tolerance,davidson,precise integrals by Libcint,hao,cc-pvdz,10,12,4830,1,32,-495.528504858911,-496.052753594434,1.17944345e-04,5,7.195508,8.590128,2176872,14,9,23,,,0
csd_MACKUY_vb,neo,c2776c4,/home/guqqgroup/taoxia/xmvb-runs/all-optimizers-c2776c4/neo/csd_MACKUY_vb,0,neo_projected_gradient_tolerance,davidson,precise integrals by Libcint,hao,cc-pvdz,10,12,4830,1,32,-455.536915504885,-456.071662703206,1.10322827e-04,5,6.430363,7.581578,2337604,15,8,23,,,0
csd_MAFSOE_vb,neo,c2776c4,/home/guqqgroup/taoxia/xmvb-runs/all-optimizers-c2776c4/neo/csd_MAFSOE_vb,0,neo_projected_gradient_tolerance,davidson,precise integrals by Libcint,hao,cc-pvdz,7,8,490,1,32,-420.963022647380,-421.447668891490,2.30751081e-04,6,9.587940,11.865974,5240956,34,3,37,,,0
csd_MAFXAT_vb,neo,c2776c4,/home/guqqgroup/taoxia/xmvb-runs/all-optimizers-c2776c4/neo/csd_MAFXAT_vb,0,neo_projected_gradient_tolerance,davidson,precise integrals by Libcint,hao,cc-pvdz,10,12,4830,1,32,-463.708873706051,-464.365414946780,1.02825587e-04,5,6.418272,7.546311,1957840,14,7,21,,,0
csd_MAVYUE_vb,neo,c2776c4,/home/guqqgroup/taoxia/xmvb-runs/all-optimizers-c2776c4/neo/csd_MAVYUE_vb,0,neo_projected_gradient_tolerance,davidson,precise integrals by Libcint,hao,cc-pvdz,10,12,4830,1,32,-447.819954861782,-448.395832785628,2.03054210e-04,5,6.703891,7.845388,2258032,14,7,21,,,0
csd_MENDIT_vb,neo,c2776c4,/home/guqqgroup/taoxia/xmvb-runs/all-optimizers-c2776c4/neo/csd_MENDIT_vb,0,neo_projected_gradient_tolerance,davidson,precise integrals by Libcint,hao,cc-pvdz,9,10,1386,1,32,-801.912403061404,-802.314862834977,1.44686783e-04,5,3.457000,4.444084,2102936,22,5,27,,,0
csd_MEQNOM_vb,neo,c2776c4,/home/guqqgroup/taoxia/xmvb-runs/all-optimizers-c2776c4/neo/csd_MEQNOM_vb,0,neo_projected_gradient_tolerance,davidson,precise integrals by Libcint,hao,cc-pvdz,10,12,4830,1,32,-467.626403955209,-468.233030450342,1.41718440e-04,6,6.166805,7.135630,2235948,16,10,26,,,0
csd_MEQPOO_vb,neo,c2776c4,/home/guqqgroup/taoxia/xmvb-runs/all-optimizers-c2776c4/neo/csd_MEQPOO_vb,0,neo_projected_gradient_tolerance,davidson,precise integrals by Libcint,hao,cc-pvdz,10,10,1302,1,32,-399.972325906974,-400.449174115149,1.74762871e-04,5,9.230578,11.181669,4207384,17,5,22,,,0
csd_MERJIC_vb,neo,c2776c4,/home/guqqgroup/taoxia/xmvb-runs/all-optimizers-c2776c4/neo/csd_MERJIC_vb,0,neo_projected_gradient_tolerance,davidson,precise integrals by Libcint,hao,cc-pvdz,9,10,1386,1,32,-408.919165843604,-409.386966194136,5.69767217e-05,5,2.525922,3.270636,1549608,12,5,17,,,0
csd_MEZDAY_vb,neo,c2776c4,/home/guqqgroup/taoxia/xmvb-runs/all-optimizers-c2776c4/neo/csd_MEZDAY_vb,0,neo_projected_gradient_tolerance,davidson,precise integrals by Libcint,hao,cc-pvdz,10,12,4830,1,32,-835.785523546201,-836.341257397564,2.62222173e-04,6,8.710691,9.974875,2250216,24,10,34,,,0
csd_MIQUIN_vb,neo,c2776c4,/home/guqqgroup/taoxia/xmvb-runs/all-optimizers-c2776c4/neo/csd_MIQUIN_vb,0,neo_projected_gradient_tolerance,davidson,precise integrals by Libcint,hao,cc-pvdz,10,10,1302,1,32,-398.715190945740,-399.304317251016,6.56731831e-05,6,6.098116,7.138544,2416028,10,5,15,,,0
csd_MOBSOM_vb,neo,c2776c4,/home/guqqgroup/taoxia/xmvb-runs/all-optimizers-c2776c4/neo/csd_MOBSOM_vb,0,neo_projected_gradient_tolerance,davidson,precise integrals by Libcint,hao,cc-pvdz,9,10,1386,1,32,-392.912103051170,-393.415744070112,9.77980410e-05,5,2.435253,3.258861,1733304,11,7,18,,,0
csd_MUBQIK_vb,neo,c2776c4,/home/guqqgroup/taoxia/xmvb-runs/all-optimizers-c2776c4/neo/csd_MUBQIK_vb,0,neo_projected_gradient_tolerance,davidson,precise integrals by Libcint,hao,cc-pvdz,10,12,4830,1,32,-431.817852169786,-432.444763227306,3.22481248e-04,6,23.050172,24.772736,3681264,72,23,95,,,0
csd_NAGVAS_vb,neo,c2776c4,/home/guqqgroup/taoxia/xmvb-runs/all-optimizers-c2776c4/neo/csd_NAGVAS_vb,0,neo_projected_gradient_tolerance,davidson,precise integrals by Libcint,hao,cc-pvdz,10,12,4830,1,32,-511.729603131041,-512.295794043650,4.85506560e-05,5,5.524770,6.462930,1754516,13,8,21,,,0
csd_NAPTYR11_vb,neo,c2776c4,/home/guqqgroup/taoxia/xmvb-runs/all-optimizers-c2776c4/neo/csd_NAPTYR11_vb,0,neo_projected_gradient_tolerance,davidson,precise integrals by Libcint,hao,cc-pvdz,10,10,1302,1,32,-414.738935424871,-415.288809302878,9.06737998e-05,5,6.274095,7.450368,2108064,10,6,16,,,0
csd_NEGPIA_vb,neo,c2776c4,/home/guqqgroup/taoxia/xmvb-runs/all-optimizers-c2776c4/neo/csd_NEGPIA_vb,0,neo_projected_gradient_tolerance,davidson,precise integrals by Libcint,hao,cc-pvdz,9,10,1386,1,32,-435.698724650236,-436.262507244446,2.37439693e-04,5,11.438837,13.415675,4004792,51,13,64,,,0
csd_NESFIA01_vb,neo,c2776c4,/home/guqqgroup/taoxia/xmvb-runs/all-optimizers-c2776c4/neo/csd_NESFIA01_vb,0,neo_projected_gradient_tolerance,davidson,precise integrals by Libcint,hao,cc-pvdz,10,12,4830,1,32,-483.753212044270,-484.217815675515,6.86246345e-05,5,6.617758,7.889986,2364112,13,9,22,,,0
csd_NIDMUI_vb,neo,c2776c4,/home/guqqgroup/taoxia/xmvb-runs/all-optimizers-c2776c4/neo/csd_NIDMUI_vb,0,neo_projected_gradient_tolerance,davidson,precise integrals by Libcint,hao,cc-pvdz,10,12,4830,1,32,-806.490858818967,-806.877599061836,2.99871387e-04,6,7.697112,8.970113,2146440,21,5,26,,,0
csd_NIPFEZ_vb,neo,c2776c4,/home/guqqgroup/taoxia/xmvb-runs/all-optimizers-c2776c4/neo/csd_NIPFEZ_vb,0,neo_projected_gradient_tolerance,davidson,precise integrals by Libcint,hao,cc-pvdz,10,12,4830,1,32,-431.784671176139,-432.424923506436,2.28874241e-04,6,21.051562,22.681785,3724812,74,24,98,,,0
csd_NODTOS_vb,neo,c2776c4,/home/guqqgroup/taoxia/xmvb-runs/all-optimizers-c2776c4/neo/csd_NODTOS_vb,0,neo_projected_gradient_tolerance,davidson,precise integrals by Libcint,hao,cc-pvdz,10,12,4830,1,32,-758.331640413567,-758.951204886830,2.17119392e-04,6,18.205705,19.974518,4178776,64,23,87,,,0
csd_NUQHEN_vb,neo,c2776c4,/home/guqqgroup/taoxia/xmvb-runs/all-optimizers-c2776c4/neo/csd_NUQHEN_vb,0,neo_projected_gradient_tolerance,davidson,precise integrals by Libcint,hao,cc-pvdz,9,10,1386,1,32,-441.807845410523,-442.246290242735,1.99722918e-04,5,2.240498,3.117686,1972988,11,5,16,,,0
csd_OBEGOR_vb,neo,c2776c4,/home/guqqgroup/taoxia/xmvb-runs/all-optimizers-c2776c4/neo/csd_OBEGOR_vb,0,neo_projected_gradient_tolerance,davidson,precise integrals by Libcint,hao,cc-pvdz,10,12,4830,1,32,-487.547750775019,-488.061929733485,1.52342833e-04,5,6.238755,7.310456,2022048,14,10,24,,,0
csd_OCEWIE_vb,neo,c2776c4,/home/guqqgroup/taoxia/xmvb-runs/all-optimizers-c2776c4/neo/csd_OCEWIE_vb,0,neo_projected_gradient_tolerance,davidson,precise integrals by Libcint,hao,cc-pvdz,12,12,132,1,32,-414.508568945045,-415.092532797195,1.53842380e-04,6,67.466740,69.056926,2881068,14,1,15,,,0
csd_PAHSID_vb,neo,c2776c4,/home/guqqgroup/taoxia/xmvb-runs/all-optimizers-c2776c4/neo/csd_PAHSID_vb,0,neo_projected_gradient_tolerance,davidson,precise integrals by Libcint,hao,cc-pvdz,10,12,4830,1,32,-822.394609284020,-822.889976673605,1.01909156e-04,6,7.618746,8.723754,1926576,25,9,34,,,0
csd_PAWGAX_vb,neo,c2776c4,/home/guqqgroup/taoxia/xmvb-runs/all-optimizers-c2776c4/neo/csd_PAWGAX_vb,0,neo_projected_gradient_tolerance,davidson,precise integrals by Libcint,hao,cc-pvdz,9,10,1386,1,32,-380.765269503183,-381.255197438806,1.09864062e-04,6,2.913703,3.820182,1960888,12,5,17,,,0
csd_PEHVII_vb,neo,c2776c4,/home/guqqgroup/taoxia/xmvb-runs/all-optimizers-c2776c4/neo/csd_PEHVII_vb,0,neo_projected_gradient_tolerance,davidson,precise integrals by Libcint,hao,cc-pvdz,10,12,4830,1,32,-459.682175524360,-460.275714841305,1.18213452e-04,6,6.995930,10.342249,2753216,12,6,18,,,0
csd_PELGET_vb,neo,c2776c4,/home/guqqgroup/taoxia/xmvb-runs/all-optimizers-c2776c4/neo/csd_PELGET_vb,0,neo_projected_gradient_tolerance,davidson,precise integrals by Libcint,hao,cc-pvdz,9,10,1386,1,32,-412.685611201845,-413.182964223644,1.07257424e-04,5,2.524200,4.517027,1696996,13,6,19,,,0
csd_PESVUH_vb,neo,c2776c4,/home/guqqgroup/taoxia/xmvb-runs/all-optimizers-c2776c4/neo/csd_PESVUH_vb,0,neo_projected_gradient_tolerance,davidson,precise integrals by Libcint,hao,cc-pvdz,9,10,1386,1,32,-424.941074782768,-425.334877317425,6.44571639e-05,5,2.135825,2.956216,1815632,12,6,18,,,0
csd_PEZYUR_vb,neo,c2776c4,/home/guqqgroup/taoxia/xmvb-runs/all-optimizers-c2776c4/neo/csd_PEZYUR_vb,0,neo_projected_gradient_tolerance,davidson,precise integrals by Libcint,hao,cc-pvdz,10,12,4830,1,32,-819.760481113581,-820.344753341972,2.08281797e-04,6,9.469918,11.048632,2933240,24,11,35,,,0
csd_PHESAZ05_vb,neo,c2776c4,/home/guqqgroup/taoxia/xmvb-runs/all-optimizers-c2776c4/neo/csd_PHESAZ05_vb,0,neo_projected_gradient_tolerance,davidson,precise integrals by Libcint,hao,cc-pvdz,8,8,1764,1,32,-681.703015542640,-682.068492131313,3.59268551e-04,5,10.482088,11.654835,1801188,12,4,16,,,0
csd_QESLUY_vb,neo,c2776c4,/home/guqqgroup/taoxia/xmvb-runs/all-optimizers-c2776c4/neo/csd_QESLUY_vb,0,neo_projected_gradient_tolerance,davidson,precise integrals by Libcint,hao,cc-pvdz,10,12,4830,1,32,-431.717998503062,-432.447652674869,1.25028797e-04,6,8.133826,9.513478,2270560,14,7,21,,,0
csd_QOCGUM_vb,neo,c2776c4,/home/guqqgroup/taoxia/xmvb-runs/all-optimizers-c2776c4/neo/csd_QOCGUM_vb,0,neo_projected_gradient_tolerance,davidson,precise integrals by Libcint,hao,cc-pvdz,10,12,4830,1,32,-479.550463948438,-480.094766657341,1.31291727e-04,5,5.350404,6.329732,2066416,13,6,19,,,0
csd_RATMIJ_vb,neo,c2776c4,/home/guqqgroup/taoxia/xmvb-runs/all-optimizers-c2776c4/neo/csd_RATMIJ_vb,0,neo_projected_gradient_tolerance,davidson,precise integrals by Libcint,hao,cc-pvdz,9,10,1386,1,32,-440.892187184176,-441.293442368125,1.44969216e-04,5,2.447315,3.265231,1647788,12,6,18,,,0
csd_RAVTAJ_vb,neo,c2776c4,/home/guqqgroup/taoxia/xmvb-runs/all-optimizers-c2776c4/neo/csd_RAVTAJ_vb,0,neo_projected_gradient_tolerance,davidson,precise integrals by Libcint,hao,cc-pvdz,9,10,1386,1,32,-719.469520585343,-719.922514356819,1.81164460e-04,5,4.178493,5.232464,2079812,21,5,26,,,0
csd_RAWBOJ_vb,neo,c2776c4,/home/guqqgroup/taoxia/xmvb-runs/all-optimizers-c2776c4/neo/csd_RAWBOJ_vb,0,neo_projected_gradient_tolerance,davidson,precise integrals by Libcint,hao,cc-pvdz,10,12,4830,1,32,-463.830057776306,-464.398059164526,1.08115951e-04,5,5.987285,6.932905,1874096,13,7,20,,,0
csd_RAWLIM_vb,neo,c2776c4,/home/guqqgroup/taoxia/xmvb-runs/all-optimizers-c2776c4/neo/csd_RAWLIM_vb,0,neo_projected_gradient_tolerance,davidson,precise integrals by Libcint,hao,cc-pvdz,8,8,1764,1,32,-382.535083959550,-383.261760921139,1.35228241e-04,8,18.675124,20.450920,4143092,23,4,27,,,1
csd_REZVOK_vb,neo,c2776c4,/home/guqqgroup/taoxia/xmvb-runs/all-optimizers-c2776c4/neo/csd_REZVOK_vb,0,neo_projected_gradient_tolerance,davidson,precise integrals by Libcint,hao,cc-pvdz,9,10,1386,1,32,-376.922234533281,-377.419180271457,7.39181886e-05,6,2.643914,4.975081,2170400,12,6,18,,,0
csd_RIBGOZ_vb,neo,c2776c4,/home/guqqgroup/taoxia/xmvb-runs/all-optimizers-c2776c4/neo/csd_RIBGOZ_vb,0,neo_projected_gradient_tolerance,davidson,precise integrals by Libcint,hao,cc-pvdz,9,10,1386,1,32,-408.946582679794,-409.358453237246,5.05550161e-05,5,2.730545,3.408773,1591892,13,5,18,,,0
csd_RIHCUH01_vb,neo,c2776c4,/home/guqqgroup/taoxia/xmvb-runs/all-optimizers-c2776c4/neo/csd_RIHCUH01_vb,0,neo_projected_gradient_tolerance,davidson,precise integrals by Libcint,hao,cc-pvdz,7,8,490,1,32,-362.121663774906,-362.593154922574,2.46673124e-04,6,8.487190,10.185623,3871396,39,7,46,,,0
csd_ROZTOQ_vb,neo,c2776c4,/home/guqqgroup/taoxia/xmvb-runs/all-optimizers-c2776c4/neo/csd_ROZTOQ_vb,0,neo_projected_gradient_tolerance,davidson,precise integrals by Libcint,hao,cc-pvdz,10,12,4830,1,32,-867.770368286279,-868.291580281456,1.88613818e-04,6,8.886384,10.328818,2186700,24,10,34,,,0
csd_SAGZAD_vb,neo,c2776c4,/home/guqqgroup/taoxia/xmvb-runs/all-optimizers-c2776c4/neo/csd_SAGZAD_vb,0,neo_projected_gradient_tolerance,davidson,precise integrals by Libcint,hao,cc-pvdz,10,12,4830,1,32,-819.734298636287,-820.344419734921,2.10959690e-04,6,10.711117,12.325894,2998912,25,10,35,,,0
csd_SAYWEV_vb,neo,c2776c4,/home/guqqgroup/taoxia/xmvb-runs/all-optimizers-c2776c4/neo/csd_SAYWEV_vb,0,neo_projected_gradient_tolerance,davidson,precise integrals by Libcint,hao,cc-pvdz,10,12,4830,1,32,-1162.324150365519,-1162.847211193760,1.49516880e-04,6,9.676932,10.918675,2313232,39,9,48,,,0
csd_SEBRAV_vb,neo,c2776c4,/home/guqqgroup/taoxia/xmvb-runs/all-optimizers-c2776c4/neo/csd_SEBRAV_vb,0,neo_projected_gradient_tolerance,davidson,precise integrals by Libcint,hao,cc-pvdz,10,12,4830,1,32,-794.247427489072,-794.757024907386,1.60892208e-04,6,6.966429,8.280034,2037136,22,4,26,,,0
csd_SECNAR_vb,neo,c2776c4,/home/guqqgroup/taoxia/xmvb-runs/all-optimizers-c2776c4/neo/csd_SECNAR_vb,0,neo_projected_gradient_tolerance,davidson,precise integrals by Libcint,hao,cc-pvdz,9,10,1386,1,32,-412.627384761935,-413.164921825402,2.56458759e-04,5,2.509112,3.462025,1855156,12,5,17,,,0
csd_SEHDIT_vb,neo,c2776c4,/home/guqqgroup/taoxia/xmvb-runs/all-optimizers-c2776c4/neo/csd_SEHDIT_vb,0,neo_projected_gradient_tolerance,davidson,precise integrals by Libcint,hao,cc-pvdz,10,12,4830,1,32,-867.808654843628,-868.262888034025,1.87511658e-04,6,8.123166,9.404201,2128928,24,10,34,,,0
csd_SEKPIH_vb,neo,c2776c4,/home/guqqgroup/taoxia/xmvb-runs/all-optimizers-c2776c4/neo/csd_SEKPIH_vb,0,neo_projected_gradient_tolerance,davidson,precise integrals by Libcint,hao,cc-pvdz,9,10,1386,1,32,-431.823661623977,-432.403269074962,1.29447608e-04,5,4.311607,5.802796,2701920,13,7,20,,,0
csd_SEMYOY_vb,neo,c2776c4,/home/guqqgroup/taoxia/xmvb-runs/all-optimizers-c2776c4/neo/csd_SEMYOY_vb,0,neo_projected_gradient_tolerance,davidson,precise integrals by Libcint,hao,cc-pvdz,10,12,4830,1,32,-467.640962502861,-468.242389789892,1.54241669e-04,5,6.206320,7.285623,2016656,13,6,19,,,0
csd_SERSOZ01_vb,neo,c2776c4,/home/guqqgroup/taoxia/xmvb-runs/all-optimizers-c2776c4/neo/csd_SERSOZ01_vb,0,neo_projected_gradient_tolerance,davidson,precise integrals by Libcint,hao,cc-pvdz,14,14,429,1,32,-534.461927982287,-535.685705072613,8.14424802e-05,6,2247.287102,2250.260578,6895256,12,1,13,,,0
csd_SESMIN_vb,neo,c2776c4,/home/guqqgroup/taoxia/xmvb-runs/all-optimizers-c2776c4/neo/csd_SESMIN_vb,0,neo_projected_gradient_tolerance,davidson,precise integrals by Libcint,hao,cc-pvdz,10,12,4830,1,32,-435.660529857171,-436.276117325313,1.29522976e-04,6,6.663053,7.758805,2243932,12,5,17,,,0
csd_TAYHIM_vb,neo,c2776c4,/home/guqqgroup/taoxia/xmvb-runs/all-optimizers-c2776c4/neo/csd_TAYHIM_vb,0,neo_projected_gradient_tolerance,davidson,precise integrals by Libcint,hao,cc-pvdz,9,10,1386,1,32,-417.798521441071,-418.248192688205,1.63940813e-04,5,3.087408,4.064107,2060404,12,5,17,,,0
csd_TAZPYD10_vb,neo,c2776c4,/home/guqqgroup/taoxia/xmvb-runs/all-optimizers-c2776c4/neo/csd_TAZPYD10_vb,0,neo_projected_gradient_tolerance,davidson,precise integrals by Libcint,hao,cc-pvdz,9,10,1386,1,32,-408.924320254837,-409.365362273638,1.01105903e-04,5,2.720562,3.664315,1896616,13,5,18,,,0
csd_TEZPDZ10_vb,neo,c2776c4,/home/guqqgroup/taoxia/xmvb-runs/all-optimizers-c2776c4/neo/csd_TEZPDZ10_vb,0,neo_projected_gradient_tolerance,davidson,precise integrals by Libcint,hao,cc-pvdz,9,10,1386,1,32,-424.893938331317,-425.317863158295,1.40881194e-04,5,2.575039,3.543247,1739940,12,7,19,,,0
csd_UFAJOB_vb,neo,c2776c4,/home/guqqgroup/taoxia/xmvb-runs/all-optimizers-c2776c4/neo/csd_UFAJOB_vb,0,neo_projected_gradient_tolerance,davidson,precise integrals by Libcint,hao,cc-pvdz,9,10,1386,1,32,-397.943308241056,-398.386634609216,1.05121294e-04,5,2.446628,3.221958,1705168,12,3,15,,,0
csd_UPAPIL_vb,neo,c2776c4,/home/guqqgroup/taoxia/xmvb-runs/all-optimizers-c2776c4/neo/csd_UPAPIL_vb,0,neo_projected_gradient_tolerance,davidson,precise integrals by Libcint,hao,cc-pvdz,8,10,1176,1,32,-378.061745857589,-378.572663945642,2.10808962e-04,6,20.220773,21.832702,3557484,47,8,55,,,0
csd_VAVSOA_vb,neo,c2776c4,/home/guqqgroup/taoxia/xmvb-runs/all-optimizers-c2776c4/neo/csd_VAVSOA_vb,0,neo_projected_gradient_tolerance,davidson,precise integrals by Libcint,hao,cc-pvdz,9,10,1386,1,32,-703.452795573892,-703.938721910883,1.98799379e-04,5,3.622322,4.666347,2323092,21,6,27,,,0
csd_VENBAU_vb,neo,c2776c4,/home/guqqgroup/taoxia/xmvb-runs/all-optimizers-c2776c4/neo/csd_VENBAU_vb,0,neo_projected_gradient_tolerance,davidson,precise integrals by Libcint,hao,cc-pvdz,10,12,4830,1,32,-487.481137079932,-487.998178634363,2.12339021e-04,5,6.253372,7.271346,2012248,12,8,20,,,0
csd_WAJJEZ_vb,neo,c2776c4,/home/guqqgroup/taoxia/xmvb-runs/all-optimizers-c2776c4/neo/csd_WAJJEZ_vb,0,neo_projected_gradient_tolerance,davidson,precise integrals by Libcint,hao,cc-pvdz,14,14,429,1,32,-380.732800116071,-381.844626314650,1.15152397e-04,7,3723.292279,3724.477521,3606360,21,1,22,,,1
csd_WANSUB_vb,neo,c2776c4,/home/guqqgroup/taoxia/xmvb-runs/all-optimizers-c2776c4/neo/csd_WANSUB_vb,0,neo_projected_gradient_tolerance,davidson,precise integrals by Libcint,hao,cc-pvdz,7,8,490,1,32,-436.950968631340,-437.427580276805,3.10665708e-04,5,5.985710,8.186203,4937908,23,4,27,,,0
csd_WEDCIT_vb,neo,c2776c4,/home/guqqgroup/taoxia/xmvb-runs/all-optimizers-c2776c4/neo/csd_WEDCIT_vb,0,neo_projected_gradient_tolerance,davidson,precise integrals by Libcint,hao,cc-pvdz,10,12,4830,1,32,-459.685401679539,-460.276051286787,1.10047204e-04,6,5.782451,6.946763,2757492,12,6,18,,,0
csd_WEQJOS_vb,neo,c2776c4,/home/guqqgroup/taoxia/xmvb-runs/all-optimizers-c2776c4/neo/csd_WEQJOS_vb,0,neo_projected_gradient_tolerance,davidson,precise integrals by Libcint,hao,cc-pvdz,10,12,4830,1,32,-467.674466059599,-468.233190178738,1.73744930e-04,5,7.079059,8.343983,2393648,13,6,19,,,0
csd_WERSER_vb,neo,c2776c4,/home/guqqgroup/taoxia/xmvb-runs/all-optimizers-c2776c4/neo/csd_WERSER_vb,0,neo_projected_gradient_tolerance,davidson,precise integrals by Libcint,hao,cc-pvdz,10,12,4830,1,32,-855.668457857482,-856.158747554491,2.05269174e-04,6,8.789235,10.035972,2083996,25,10,35,,,0
csd_WOGVIA_vb,neo,c2776c4,/home/guqqgroup/taoxia/xmvb-runs/all-optimizers-c2776c4/neo/csd_WOGVIA_vb,,,,precise integrals by Libcint,hao,cc-pvdz,16,16,1430,1,,,,,,,,,,,,,,
csd_XAJKOJ_vb,neo,c2776c4,/home/guqqgroup/taoxia/xmvb-runs/all-optimizers-c2776c4/neo/csd_XAJKOJ_vb,0,neo_projected_gradient_tolerance,davidson,precise integrals by Libcint,hao,cc-pvdz,8,8,1764,1,32,-647.223256636913,-647.743651877962,1.18467285e-04,6,17.078524,18.628925,3385244,20,3,23,,,0
csd_YAHSIM_vb,neo,c2776c4,/home/guqqgroup/taoxia/xmvb-runs/all-optimizers-c2776c4/neo/csd_YAHSIM_vb,0,neo_projected_gradient_tolerance,davidson,precise integrals by Libcint,hao,cc-pvdz,9,10,1386,1,32,-393.004444654262,-393.399241514845,6.87737491e-05,5,2.712168,3.740448,1868680,12,4,16,,,0
csd_YAMSAI_vb,neo,c2776c4,/home/guqqgroup/taoxia/xmvb-runs/all-optimizers-c2776c4/neo/csd_YAMSAI_vb,0,neo_projected_gradient_tolerance,davidson,precise integrals by Libcint,hao,cc-pvdz,7,8,490,1,32,-305.256519338888,-305.561919452260,1.03062689e-04,5,1.560677,2.090666,922412,12,3,15,,,0
csd_YEMJEI_vb,neo,c2776c4,/home/guqqgroup/taoxia/xmvb-runs/all-optimizers-c2776c4/neo/csd_YEMJEI_vb,0,neo_projected_gradient_tolerance,davidson,precise integrals by Libcint,hao,cc-pvdz,7,8,490,1,32,-401.086610309383,-401.615279896959,1.85610983e-04,6,11.735015,14.726171,5956128,39,7,46,,,0
csd_YEPKAF_vb,neo,c2776c4,/home/guqqgroup/taoxia/xmvb-runs/all-optimizers-c2776c4/neo/csd_YEPKAF_vb,0,neo_projected_gradient_tolerance,davidson,precise integrals by Libcint,hao,cc-pvdz,10,12,4830,1,32,-1136.764932043602,-1137.242584072975,8.16014248e-05,6,9.624987,11.675855,2390064,27,6,33,,,0
csd_ZANZIZ_vb,neo,c2776c4,/home/guqqgroup/taoxia/xmvb-runs/all-optimizers-c2776c4/neo/csd_ZANZIZ_vb,0,neo_projected_gradient_tolerance,davidson,precise integrals by Libcint,hao,cc-pvdz,10,12,4830,1,32,-431.764636252160,-432.425750275340,1.92120969e-04,6,20.784479,22.597919,3762788,60,22,82,,,0
csd_ZASLAG_vb,neo,c2776c4,/home/guqqgroup/taoxia/xmvb-runs/all-optimizers-c2776c4/neo/csd_ZASLAG_vb,0,neo_projected_gradient_tolerance,davidson,precise integrals by Libcint,hao,cc-pvdz,9,10,1386,1,32,-431.890404568188,-432.397560331771,2.43047587e-04,6,12.226943,14.152237,4047392,57,15,72,,,0
csd_ZEDQOR_vb,neo,c2776c4,/home/guqqgroup/taoxia/xmvb-runs/all-optimizers-c2776c4/neo/csd_ZEDQOR_vb,0,neo_projected_gradient_tolerance,davidson,precise integrals by Libcint,hao,cc-pvdz,9,10,1386,1,32,-408.978839993338,-409.382792291048,5.62482657e-05,5,2.222053,3.038975,1823172,12,5,17,,,0
csd_ZUDLUH_vb,neo,c2776c4,/home/guqqgroup/taoxia/xmvb-runs/all-optimizers-c2776c4/neo/csd_ZUDLUH_vb,0,neo_projected_gradient_tolerance,davidson,precise integrals by Libcint,hao,cc-pvdz,10,12,4830,1,32,-519.522643447381,-520.017379707276,1.50695326e-04,5,4.896175,5.688466,1719004,14,6,20,,,0
csd_ZUVQUE_vb,neo,c2776c4,/home/guqqgroup/taoxia/xmvb-runs/all-optimizers-c2776c4/neo/csd_ZUVQUE_vb,0,neo_projected_gradient_tolerance,davidson,precise integrals by Libcint,hao,cc-pvdz,9,10,1386,1,32,-392.948647134556,-393.406696908632,6.69074010e-05,5,2.744595,3.669554,1949280,11,5,16,,,0
